state,month,medicare_enrollment,medicare_advantage_other,medicare_medicaid_duals
AL,202305,1099178,627328,235898
AK,202305,114253,2972,21028
AZ,202305,1459292,716436,265891
AR,202305,668152,286233,150646
CA,202305,6746080,3353371,1730624
CO,202305,1005720,509864,155184
CT,202305,722006,391192,201101
DE,202305,236896,70601,36012
DC,202305,94975,29557,37733
FL,202305,5017237,2740393,992374
GA,202305,1892252,1001533,408280
HI,202305,299796,158325,52757
ID,202305,381463,177243,54593
IL,202305,2353896,953031,463730
IN,202305,1345435,632240,260530
IA,202305,669858,234393,96331
KS,202305,575698,180836,74593
KY,202305,972325,500160,205268
LA,202305,919976,492524,264730
ME,202305,370147,203212,95384
MD,202305,1118144,243985,181957
MA,202305,1424242,476714,362526
MI,202305,2199702,1292628,389713
MN,202305,1116566,643163,159024
MS,202305,630056,247561,170363
MO,202305,1302682,663550,209551
MT,202305,255312,70363,34427
NE,202305,374176,119478,47639
NV,202305,585379,286943,94850
NH,202305,333922,109310,37016
NJ,202305,1718702,666949,262357
NM,202305,453402,219171,114347
NY,202305,3818317,1912669,1121163
NC,202305,2169786,1137875,365170
ND,202305,143719,44294,16437
OH,202305,2481882,1340779,439517
OK,202305,788787,299672,132855
OR,202305,928004,493656,172829
PA,202305,2887460,1474501,528838
RI,202305,237227,135310,51181
SC,202305,1194228,516069,186963
SD,202305,193152,64403,21549
TN,202305,1451850,735630,284104
TX,202305,4620399,2400523,802518
UT,202305,450206,221887,49350
VT,202305,161527,49297,28822
VA,202305,1641469,591128,240790
WA,202305,1486017,671904,243145
WV,202305,448009,227167,93539
WI,202305,1279134,700520,200929
WY,202305,123405,16471,13007
AL,202306,1100139,629443,236360
AK,202306,114628,2935,20991
AZ,202306,1461704,717812,262745
AR,202306,668791,287489,149129
CA,202306,6761426,3365603,1738531
CO,202306,1008366,511411,153703
CT,202306,723689,392776,201600
DE,202306,237453,70916,36103
DC,202306,95140,29693,37802
FL,202306,5025067,2748507,991583
GA,202306,1895699,1004793,409008
HI,202306,300381,158751,52876
ID,202306,382236,177810,53173
IL,202306,2358346,957465,464854
IN,202306,1347493,634352,259549
IA,202306,670939,235403,93415
KS,202306,576602,181428,74460
KY,202306,973517,502048,199379
LA,202306,921141,494746,263950
ME,202306,370736,204040,95508
MD,202306,1120479,245237,181472
MA,202306,1427295,478146,363410
MI,202306,2203356,1296804,391243
MN,202306,1119294,645528,159629
MS,202306,630633,249107,170535
MO,202306,1304659,665483,210106
MT,202306,255778,70501,33512
NE,202306,374891,120026,47724
NV,202306,586354,287820,93740
NH,202306,334713,109836,35691
NJ,202306,1722855,669412,263269
NM,202306,454215,219839,113438
NY,202306,3826851,1921608,1129975
NC,202306,2173030,1141856,365778
ND,202306,144006,44491,16309
OH,202306,2485874,1344139,437663
OK,202306,789862,300718,132530
OR,202306,929654,495061,173716
PA,202306,2892205,1478871,529633
RI,202306,237744,135862,51300
SC,202306,1195964,517681,186844
SD,202306,193568,64709,21265
TN,202306,1453783,737774,283921
TX,202306,4629946,2408493,788283
UT,202306,451301,222846,49412
VT,202306,161858,49487,28915
VA,202306,1644708,593466,240834
WA,202306,1489094,674667,236586
WV,202306,448339,227951,92533
WI,202306,1281615,703059,199483
WY,202306,123721,16615,12982
AL,202307,1101589,631455,236723
AK,202307,114985,2920,21011
AZ,202307,1464683,719556,259357
AR,202307,669654,288490,144980
CA,202307,6779570,3384166,1738963
CO,202307,1011064,513104,151814
CT,202307,725474,394734,201747
DE,202307,237970,71188,36108
DC,202307,95291,29894,37835
FL,202307,5034136,2756062,990784
GA,202307,1899750,1008705,408769
HI,202307,301038,159243,52211
ID,202307,383041,178522,52726
IL,202307,2363629,963470,464974
IN,202307,1349980,636582,258421
IA,202307,672093,236436,92898
KS,202307,577786,182108,74290
KY,202307,974852,504133,192785
LA,202307,923028,497312,257776
ME,202307,371330,205107,95483
MD,202307,1123483,246558,180718
MA,202307,1430454,484610,363350
MI,202307,2208022,1301870,392360
MN,202307,1122121,648035,159829
MS,202307,631615,250809,170129
MO,202307,1307052,667783,208519
MT,202307,256390,70768,32607
NE,202307,375775,120540,47690
NV,202307,587627,288823,92057
NH,202307,335566,110561,35047
NJ,202307,1727426,672317,263666
NM,202307,455068,220666,112422
NY,202307,3836368,1931194,1138271
NC,202307,2176838,1145922,364789
ND,202307,144335,44711,16192
OH,202307,2490458,1348155,435167
OK,202307,791107,302409,132412
OR,202307,931195,496393,173448
PA,202307,2897560,1484419,527024
RI,202307,238253,136591,51298
SC,202307,1197957,519203,186867
SD,202307,194057,65066,21083
TN,202307,1455912,740078,282396
TX,202307,4641616,2416232,786047
UT,202307,452538,223906,49422
VT,202307,162240,49805,28861
VA,202307,1648393,596199,238011
WA,202307,1492217,678015,227495
WV,202307,448781,228850,90194
WI,202307,1284370,705871,197854
WY,202307,124086,16770,12967
AL,202308,1103150,633075,235120
AK,202308,115439,2896,20919
AZ,202308,1467296,720736,257123
AR,202308,670402,289448,140851
CA,202308,6797570,3394492,1740082
CO,202308,1013831,514661,149604
CT,202308,727286,396114,201534
DE,202308,238465,71393,36066
DC,202308,95445,30053,37207
FL,202308,5043179,2762721,989889
GA,202308,1904084,1011657,406856
HI,202308,301651,159635,52148
ID,202308,383843,179017,52197
IL,202308,2368861,968076,461881
IN,202308,1352621,638334,256340
IA,202308,673284,237319,92433
KS,202308,578840,182686,72983
KY,202308,976154,505796,189615
LA,202308,925024,498971,255134
ME,202308,371940,205827,95480
MD,202308,1126227,247484,178710
MA,202308,1433305,485821,360414
MI,202308,2212256,1305411,390910
MN,202308,1124766,650088,159804
MS,202308,632522,252212,169782
MO,202308,1309447,669484,207564
MT,202308,256902,70938,31823
NE,202308,376584,120911,47513
NV,202308,588925,289555,92704
NH,202308,336348,110953,34412
NJ,202308,1732264,674914,262788
NM,202308,455862,221246,111410
NY,202308,3846089,1938336,1145740
NC,202308,2180888,1149938,363937
ND,202308,144645,45466,15975
OH,202308,2495305,1350980,432733
OK,202308,792330,303280,132441
OR,202308,932571,497476,173060
PA,202308,2903198,1488371,523302
RI,202308,238737,137187,51080
SC,202308,1199931,520491,186957
SD,202308,194493,65333,20923
TN,202308,1458086,741957,280652
TX,202308,4653552,2422961,769962
UT,202308,453730,224985,49424
VT,202308,162560,49996,28884
VA,202308,1652091,598199,235361
WA,202308,1495276,680289,221214
WV,202308,449132,229353,86892
WI,202308,1287151,708078,195947
WY,202308,124378,16883,12748
AL,202309,1104693,635181,233468
AK,202309,115845,2872,20845
AZ,202309,1470451,722402,255618
AR,202309,671332,290782,136155
CA,202309,6816060,3405063,1735605
CO,202309,1016739,516606,147417
CT,202309,729144,397903,201440
DE,202309,239047,71728,35921
DC,202309,95612,30228,36697
FL,202309,5052860,2770594,988551
GA,202309,1908028,1014828,402666
HI,202309,302211,159997,52294
ID,202309,384581,179797,50469
IL,202309,2374399,971975,460578
IN,202309,1355331,640692,253941
IA,202309,674752,238105,91837
KS,202309,579994,183315,72917
KY,202309,977790,507609,186286
LA,202309,927084,501681,252359
ME,202309,372613,206890,95364
MD,202309,1129308,248990,177545
MA,202309,1436563,487037,350427
MI,202309,2216902,1309501,387113
MN,202309,1127677,652652,158771
MS,202309,633527,253782,169197
MO,202309,1311942,671680,206239
MT,202309,257517,71166,30394
NE,202309,377428,121473,47335
NV,202309,590245,290459,92882
NH,202309,337153,111368,33455
NJ,202309,1736934,677732,261022
NM,202309,456701,222046,110185
NY,202309,3855660,1947136,1150637
NC,202309,2185122,1154321,362995
ND,202309,144981,45689,15847
OH,202309,2500433,1354980,429829
OK,202309,793740,304517,131647
OR,202309,934244,498780,172822
PA,202309,2909217,1494562,519911
RI,202309,239426,137905,50895
SC,202309,1202083,522006,186838
SD,202309,194960,65696,20856
TN,202309,1460524,744351,277308
TX,202309,4665971,2432957,762827
UT,202309,454903,226067,49495
VT,202309,162865,50199,28808
VA,202309,1656027,600985,233373
WA,202309,1498801,683678,221785
WV,202309,449623,230177,88519
WI,202309,1290205,710737,193913
WY,202309,124701,17084,12677
AL,202310,1106013,636925,231740
AK,202310,116173,2827,20832
AZ,202310,1473473,723560,253493
AR,202310,672066,291670,131546
CA,202310,6834614,3415264,1732485
CO,202310,1019391,517916,146227
CT,202310,730976,399165,201551
DE,202310,239591,72011,35756
DC,202310,95823,30315,36241
FL,202310,5062981,2777483,985373
GA,202310,1912095,1017252,400015
HI,202310,303028,160386,52745
ID,202310,385445,180217,50774
IL,202310,2379359,974030,450575
IN,202310,1357915,642649,251676
IA,202310,676048,238701,90807
KS,202310,581125,183809,72773
KY,202310,979177,508511,185435
LA,202310,928827,503368,249388
ME,202310,373177,207658,95294
MD,202310,1132053,250056,177205
MA,202310,1439575,491655,349046
MI,202310,2221149,1312443,382136
MN,202310,1130519,654501,158003
MS,202310,634366,255083,168749
MO,202310,1314374,673375,205070
MT,202310,258002,71349,29085
NE,202310,378196,121890,47029
NV,202310,591630,291286,93003
NH,202310,338043,111782,32892
NJ,202310,1741642,679640,259266
NM,202310,457581,222615,109410
NY,202310,3865559,1954228,1155378
NC,202310,2189041,1157745,361815
ND,202310,145345,45845,15718
OH,202310,2504685,1356986,427483
OK,202310,795111,305421,129981
OR,202310,935579,499764,171800
PA,202310,2914806,1497997,515079
RI,202310,239849,138441,50176
SC,202310,1204152,523583,186470
SD,202310,195394,65904,20727
TN,202310,1462664,745960,275104
TX,202310,4678321,2439309,758675
UT,202310,455997,226911,49375
VT,202310,163198,50362,28525
VA,202310,1659659,603024,233012
WA,202310,1501852,685658,222327
WV,202310,450123,230766,88861
WI,202310,1293131,712690,192327
WY,202310,125000,17213,12697
AL,202311,1106903,637951,230273
AK,202311,116427,2803,20718
AZ,202311,1475693,723765,252237
AR,202311,672554,291457,131431
CA,202311,6848051,3421759,1729027
CO,202311,1021225,518553,141511
CT,202311,732183,399082,201166
DE,202311,239982,72048,35541
DC,202311,95906,30296,35197
FL,202311,5070058,2782825,983799
GA,202311,1915063,1018810,394827
HI,202311,303546,160599,53107
ID,202311,385985,180294,50809
IL,202311,2382825,973744,445533
IN,202311,1359595,642939,249243
IA,202311,676957,238859,89671
KS,202311,581948,183856,71707
KY,202311,979894,508279,182813
LA,202311,930184,503741,246809
ME,202311,373671,208125,95301
MD,202311,1133918,250174,176205
MA,202311,1441530,490929,347180
MI,202311,2223954,1313228,375196
MN,202311,1132511,655496,157747
MS,202311,635051,254630,168275
MO,202311,1315871,673873,203571
MT,202311,258398,71363,28460
NE,202311,378735,122112,46622
NV,202311,592744,291783,92445
NH,202311,338611,111879,32535
NJ,202311,1744608,680539,257270
NM,202311,458201,222656,108271
NY,202311,3872095,1959074,1154997
NC,202311,2191805,1159210,360347
ND,202311,145669,45959,15489
OH,202311,2507327,1357449,424173
OK,202311,796047,305756,126770
OR,202311,936230,499845,171053
PA,202311,2918261,1498834,510151
RI,202311,240178,138735,49089
SC,202311,1205513,524326,186224
SD,202311,195715,66037,20695
TN,202311,1464273,746690,271224
TX,202311,4687745,2440974,739534
UT,202311,456786,227633,49273
VT,202311,163485,50460,28444
VA,202311,1662100,601727,232178
WA,202311,1503823,686642,222698
WV,202311,450354,230764,88604
WI,202311,1295131,713747,190501
WY,202311,125282,17389,12600
AL,202312,1107762,638539,229517
AK,202312,116709,2787,20819
AZ,202312,1477722,723737,249806
AR,202312,673081,291186,128184
CA,202312,6860569,3426021,1725561
CO,202312,1023195,518925,137859
CT,202312,733331,399940,200667
DE,202312,240350,72096,34880
DC,202312,96014,30273,34425
FL,202312,5077432,2785095,978462
GA,202312,1918097,1019281,384313
HI,202312,304109,160666,53394
ID,202312,386543,180516,51020
IL,202312,2385473,973547,439826
IN,202312,1361152,642916,245571
IA,202312,677924,238744,88207
KS,202312,582811,183721,70573
KY,202312,980593,508055,180372
LA,202312,931391,503997,243521
ME,202312,374064,208377,95182
MD,202312,1135784,250152,173716
MA,202312,1443095,490512,345493
MI,202312,2226597,1313647,369098
MN,202312,1134263,656061,157427
MS,202312,635745,254629,167035
MO,202312,1317603,674132,202819
MT,202312,258768,71308,27756
NE,202312,379239,122204,46153
NV,202312,593689,292020,91857
NH,202312,339304,111975,32289
NJ,202312,1747763,681085,254819
NM,202312,458707,222654,107649
NY,202312,3879221,1963084,1153503
NC,202312,2194552,1159829,359217
ND,202312,145901,46008,15334
OH,202312,2510240,1355450,421749
OK,202312,796883,305758,125191
OR,202312,937208,499866,171465
PA,202312,2921379,1498847,505540
RI,202312,240475,139155,48289
SC,202312,1206855,524450,185869
SD,202312,196037,66138,20574
TN,202312,1465684,746478,266304
TX,202312,4696786,2442267,729750
UT,202312,457447,228201,49233
VT,202312,163709,50495,28359
VA,202312,1664558,602045,231283
WA,202312,1506272,687392,223067
WV,202312,450576,230431,88492
WI,202312,1297051,714373,188599
WY,202312,125540,17532,12547
AL,202401,1113950,656847,230060
AK,202401,116173,3202,20608
AZ,202401,1487605,747735,249692
AR,202401,676755,302579,128279
CA,202401,6854733,3460934,1720160
CO,202401,1023973,533382,135006
CT,202401,734714,409651,199946
DE,202401,242974,76945,34254
DC,202401,95501,31419,33643
FL,202401,5093970,2842667,975873
GA,202401,1929325,1055636,381359
HI,202401,303733,162199,53641
ID,202401,390734,188318,51202
IL,202401,2384389,1020720,446832
IN,202401,1367024,672159,244391
IA,202401,680328,251599,88369
KS,202401,585136,194026,70913
KY,202401,983942,522279,181805
LA,202401,933730,516682,243285
ME,202401,375668,213377,93960
MD,202401,1137114,269309,170234
MA,202401,1442886,509741,348074
MI,202401,2233039,1369496,368006
MN,202401,1137467,673076,157234
MS,202401,638740,268349,167828
MO,202401,1322229,698239,200766
MT,202401,259547,76448,27367
NE,202401,380242,127818,45939
NV,202401,597252,301935,91869
NH,202401,340739,117661,32552
NJ,202401,1746424,701577,256679
NM,202401,459081,225664,107384
NY,202401,3869441,1990032,1158814
NC,202401,2211813,1214608,359726
ND,202401,146172,49608,15513
OH,202401,2517290,1400266,420187
OK,202401,801766,321815,125525
OR,202401,939453,512062,172626
PA,202401,2927330,1540781,497076
RI,202401,240843,141798,47800
SC,202401,1222238,552122,187096
SD,202401,196166,70062,20680
TN,202401,1474228,768862,265303
TX,202401,4721760,2512171,713835
UT,202401,460258,236478,49128
VT,202401,163702,52723,28313
VA,202401,1671758,632742,231610
WA,202401,1508951,730632,220579
WV,202401,452124,240831,87406
WI,202401,1302263,738866,187795
WY,202401,125966,21967,12556
AL,202402,1113854,658566,229320
AK,202402,116378,3194,20497
AZ,202402,1488749,749481,249546
AR,202402,676653,302952,128595
CA,202402,6865099,3473633,1725643
CO,202402,1025600,535091,132503
CT,202402,735604,411651,200213
DE,202402,243195,77316,33959
DC,202402,95599,31640,33636
FL,202402,5098794,2855059,974558
GA,202402,1930873,1059225,380045
HI,202402,303984,162646,53484
ID,202402,391161,189273,51179
IL,202402,2386809,1024084,442753
IN,202402,1367892,674043,242654
IA,202402,680816,252358,87622
KS,202402,585607,194514,70734
KY,202402,984096,523657,182185
LA,202402,934121,517772,241547
ME,202402,375977,214160,94127
MD,202402,1138547,271044,168617
MA,202402,1444332,510384,350514
MI,202402,2234703,1373445,363947
MN,202402,1139018,675562,153098
MS,202402,638734,270056,167588
MO,202402,1322796,700066,199257
MT,202402,259785,76687,26849
NE,202402,380536,128121,45563
NV,202402,598047,303075,91748
NH,202402,341187,118074,32372
NJ,202402,1748656,704620,254094
NM,202402,459419,227224,107234
NY,202402,3874864,2002397,1160240
NC,202402,2213317,1219219,358694
ND,202402,146363,49877,15316
OH,202402,2518694,1403337,418547
OK,202402,801872,322729,124856
OR,202402,940036,513012,172930
PA,202402,2929385,1545041,493695
RI,202402,241097,142323,48272
SC,202402,1223040,553397,186692
SD,202402,196401,70320,20653
TN,202402,1474743,770820,261139
TX,202402,4727796,2523897,711508
UT,202402,460777,237788,35999
VT,202402,163826,52906,28230
VA,202402,1673359,635952,230564
WA,202402,1510637,732903,220556
WV,202402,451983,241396,88024
WI,202402,1303698,741005,185410
WY,202402,126107,22179,12420
AL,202403,1114782,660115,228540
AK,202403,116784,3186,20435
AZ,202403,1491381,751071,250335
AR,202403,677128,303190,129129
CA,202403,6880894,3483528,1728858
CO,202403,1028196,536317,129001
CT,202403,737315,412989,200301
DE,202403,243621,77587,33685
DC,202403,95711,31763,33514
FL,202403,5106786,2861714,961996
GA,202403,1933913,1060513,377486
HI,202403,304512,162991,53336
ID,202403,391959,189912,51292
IL,202403,2391376,1025350,437163
IN,202403,1370019,675317,240794
IA,202403,682030,252958,87303
KS,202403,586455,194945,70682
KY,202403,985112,525543,182785
LA,202403,935031,519346,240540
ME,202403,376596,214870,94266
MD,202403,1140981,272313,167134
MA,202403,1447258,511725,350993
MI,202403,2238429,1376173,359876
MN,202403,1141726,677669,150374
MS,202403,639403,271024,167115
MO,202403,1324762,701860,210846
MT,202403,260261,76882,26574
NE,202403,381262,128620,45385
NV,202403,599250,303862,91703
NH,202403,342030,118414,32325
NJ,202403,1752604,706933,251342
NM,202403,460224,228174,107104
NY,202403,3884018,2012664,1163026
NC,202403,2216865,1222573,357920
ND,202403,146727,50067,15275
OH,202403,2522468,1405814,416097
OK,202403,802584,322989,123337
OR,202403,941179,514003,173475
PA,202403,2934153,1549260,488372
RI,202403,241553,142761,48170
SC,202403,1224847,553754,186429
SD,202403,196811,70557,19717
TN,202403,1476506,772605,256578
TX,202403,4736949,2530550,709462
UT,202403,461884,238350,49133
VT,202403,164142,53082,28088
VA,202403,1676663,638400,228121
WA,202403,1513614,735100,220888
WV,202403,452323,241981,86588
WI,202403,1306392,742988,183242
WY,202403,126408,22301,12402
AL,202404,1115348,661406,226657
AK,202404,117145,3177,20478
AZ,202404,1493680,751730,250384
AR,202404,677306,304159,129254
CA,202404,6895775,3494580,1730690
CO,202404,1030534,537918,127031
CT,202404,738721,414364,200336
DE,202404,244018,77773,33298
DC,202404,95822,31429,33184
FL,202404,5113517,2870485,946900
GA,202404,1936532,1063249,375365
HI,202404,305031,163406,53187
ID,202404,392626,190650,51375
IL,202404,2395117,1025783,429088
IN,202404,1371558,676053,238998
IA,202404,683057,253717,85990
KS,202404,587077,195217,70330
KY,202404,985656,527281,181898
LA,202404,935807,521572,238783
ME,202404,377072,215514,94243
MD,202404,1143122,273389,166499
MA,202404,1449830,513624,351218
MI,202404,2241398,1379789,355393
MN,202404,1144326,679490,149125
MS,202404,639820,272369,161753
MO,202404,1326187,703304,207372
MT,202404,260721,77111,26481
NE,202404,381709,128927,45061
NV,202404,600304,304608,89607
NH,202404,342819,118718,32265
NJ,202404,1756172,708985,247518
NM,202404,460832,228973,106422
NY,202404,3891934,2022030,1163477
NC,202404,2219567,1226287,356641
ND,202404,147073,50202,15090
OH,202404,2525300,1407699,412534
OK,202404,803286,323888,122926
OR,202404,942328,514903,173850
PA,202404,2938000,1552860,481249
RI,202404,241989,143132,47442
SC,202404,1226079,555107,185658
SD,202404,197213,70831,19809
TN,202404,1477794,774353,252791
TX,202404,4745196,2538265,709614
UT,202404,462963,239406,48542
VT,202404,164351,53209,28046
VA,202404,1679346,640265,222962
WA,202404,1516414,737192,221435
WV,202404,452395,242487,85697
WI,202404,1308949,745007,182377
WY,202404,126673,22521,12322
AL,202405,1116040,662774,225892
AK,202405,117507,3150,20538
AZ,202405,1496268,753264,250765
AR,202405,677594,304568,129621
CA,202405,6911220,3505945,1733714
CO,202405,1032971,539256,125788
CT,202405,740371,415864,200625
DE,202405,244443,78025,33076
DC,202405,95971,31686,32812
FL,202405,5121626,2877824,944729
GA,202405,1939290,1065857,373667
HI,202405,305535,163746,52668
ID,202405,393432,191247,51369
IL,202405,2399485,1027485,423672
IN,202405,1373666,677497,237880
IA,202405,684016,254347,85583
KS,202405,587990,195654,69449
KY,202405,986519,528818,180369
LA,202405,936472,523137,237443
ME,202405,377758,216221,94294
MD,202405,1145339,274474,164653
MA,202405,1452657,513943,349821
MI,202405,2245137,1382993,349651
MN,202405,1147066,681256,148019
MS,202405,640184,273588,161016
MO,202405,1327915,704885,205081
MT,202405,261246,77336,26548
NE,202405,382396,129286,44799
NV,202405,601355,305328,88933
NH,202405,343637,119084,32201
NJ,202405,1760273,711319,244420
NM,202405,461548,229577,106454
NY,202405,3900756,2031936,1164403
NC,202405,2222500,1229725,355710
ND,202405,147403,50444,15006
OH,202405,2529112,1410094,410136
OK,202405,804065,324747,122902
OR,202405,943661,515954,173657
PA,202405,2942703,1556811,475785
RI,202405,242495,143550,46906
SC,202405,1227475,556998,184536
SD,202405,197527,71033,19939
TN,202405,1479406,775868,249317
TX,202405,4754946,2545661,699273
UT,202405,464149,240275,48090
VT,202405,164677,53422,27924
VA,202405,1682621,642065,217539
WA,202405,1519385,739545,222454
WV,202405,452654,242944,84855
WI,202405,1311521,747035,181457
WY,202405,126970,22705,12303
AL,202406,1117012,664650,224798
AK,202406,117872,3134,20590
AZ,202406,1498299,754628,251102
AR,202406,678181,305745,129361
CA,202406,6926145,3516542,1734540
CO,202406,1035429,540376,126050
CT,202406,742124,416821,200837
DE,202406,244927,78279,32309
DC,202406,96183,31797,32589
FL,202406,5129406,2884404,933240
GA,202406,1942732,1067420,371227
HI,202406,306062,163926,51876
ID,202406,394224,191843,51413
IL,202406,2403977,1028743,418568
IN,202406,1375912,678076,236929
IA,202406,685179,254748,85693
KS,202406,588958,196032,68866
KY,202406,987739,529463,178592
LA,202406,937623,523914,236096
ME,202406,378381,216881,94470
MD,202406,1147893,275322,159931
MA,202406,1455648,515812,349180
MI,202406,2249009,1385582,344569
MN,202406,1149823,683173,146749
MS,202406,640824,274576,160620
MO,202406,1329993,706200,187097
MT,202406,261724,77456,26439
NE,202406,383149,129587,44674
NV,202406,602406,306118,87950
NH,202406,344432,119407,32120
NJ,202406,1764412,713012,240148
NM,202406,462198,230248,106432
NY,202406,3909697,2040334,1164682
NC,202406,2226257,1232809,355161
ND,202406,147769,50639,14979
OH,202406,2533427,1413361,408886
OK,202406,805058,325403,122749
OR,202406,945039,516908,174223
PA,202406,2947514,1560658,473081
RI,202406,243123,143850,46292
SC,202406,1229308,558042,184313
SD,202406,197950,71258,20129
TN,202406,1481431,777530,245619
TX,202406,4764905,2550400,698316
UT,202406,465299,240945,39285
VT,202406,164999,53647,27865
VA,202406,1686304,643107,216367
WA,202406,1522396,740697,223203
WV,202406,452902,243322,84689
WI,202406,1314380,748706,180570
WY,202406,127271,22869,12348
AL,202407,1118567,665961,225081
AK,202407,118359,3111,20664
AZ,202407,1500995,755888,251588
AR,202407,678833,306526,129277
CA,202407,6943845,3526033,1740974
CO,202407,1038131,541819,126515
CT,202407,744062,418907,201029
DE,202407,245483,78472,32328
DC,202407,96342,31869,32459
FL,202407,5138833,2889042,932374
GA,202407,1946883,1069768,369756
HI,202407,306680,164237,51602
ID,202407,394987,192302,51478
IL,202407,2409597,1030930,415436
IN,202407,1378429,679038,236541
IA,202407,686577,255321,85937
KS,202407,590141,196373,68893
KY,202407,989121,531258,178618
LA,202407,939268,525750,236340
ME,202407,379158,217605,95746
MD,202407,1150531,276697,159915
MA,202407,1458833,517660,350968
MI,202407,2253476,1389097,342004
MN,202407,1152963,685225,146391
MS,202407,641825,275747,160821
MO,202407,1332438,707677,187346
MT,202407,262243,77572,26258
NE,202407,383956,129829,44435
NV,202407,603651,306591,87265
NH,202407,345466,119801,32161
NJ,202407,1769331,713042,239120
NM,202407,463053,230818,106381
NY,202407,3919099,2048736,1169235
NC,202407,2230615,1236056,355439
ND,202407,148064,50839,15043
OH,202407,2538068,1416450,408345
OK,202407,806347,326041,122853
OR,202407,946608,517960,175038
PA,202407,2953237,1565119,473310
RI,202407,243628,144146,46014
SC,202407,1231518,559297,183543
SD,202407,198458,71508,20352
TN,202407,1483966,779199,244676
TX,202407,4776486,2555326,698992
UT,202407,466595,241934,40273
VT,202407,165345,53915,27820
VA,202407,1690275,645109,216124
WA,202407,1525763,743519,224310
WV,202407,453289,243786,84733
WI,202407,1317467,750933,179044
WY,202407,127596,23022,12308
AL,202408,1120034,666992,222628
AK,202408,118752,3077,20709
AZ,202408,1503681,757033,252116
AR,202408,679732,306618,129021
CA,202408,6961318,3536700,1749495
CO,202408,1040893,542104,127261
CT,202408,745914,420430,201489
DE,202408,246037,78653,32377
DC,202408,96524,31573,32605
FL,202408,5147967,2893310,932438
GA,202408,1951021,1069050,367946
HI,202408,307195,164447,51114
ID,202408,395755,192870,51573
IL,202408,2414851,1033367,415127
IN,202408,1380880,679227,236548
IA,202408,687980,255515,86219
KS,202408,591373,196689,68849
KY,202408,990460,531377,178626
LA,202408,941064,525327,236256
ME,202408,379720,218128,96683
MD,202408,1153543,277337,159470
MA,202408,1462094,519279,353009
MI,202408,2257563,1388787,341900
MN,202408,1155926,687270,145880
MS,202408,642762,276451,161249
MO,202408,1334949,708004,187920
MT,202408,262760,77250,26245
NE,202408,384807,129857,44360
NV,202408,604780,307130,86697
NH,202408,346296,120054,32181
NJ,202408,1773822,714298,239030
NM,202408,463942,231345,106462
NY,202408,3928095,2055483,1174091
NC,202408,2234904,1238811,355729
ND,202408,148383,50966,15037
OH,202408,2542674,1418570,407714
OK,202408,807728,326241,123293
OR,202408,948010,518709,175812
PA,202408,2958762,1568407,473562
RI,202408,244107,144212,46031
SC,202408,1233702,560345,183347
SD,202408,199003,71727,20400
TN,202408,1486186,780130,243427
TX,202408,4789139,2558542,700146
UT,202408,467675,242604,40193
VT,202408,165679,54026,27800
VA,202408,1694011,646741,214984
WA,202408,1528757,745144,224630
WV,202408,453697,243836,83995
WI,202408,1320311,752190,178685
WY,202408,127927,23114,12173
AL,202409,1121440,668306,223441
AK,202409,119164,3044,20768
AZ,202409,1506778,758329,252519
AR,202409,680638,307817,128703
CA,202409,6980102,3546588,1756696
CO,202409,1043810,543570,128005
CT,202409,747887,422392,201830
DE,202409,246673,78865,32459
DC,202409,96785,31907,32704
FL,202409,5157610,2900863,919699
GA,202409,1955259,1072778,368926
HI,202409,307760,164763,50072
ID,202409,396604,193419,51540
IL,202409,2420468,1036546,415202
IN,202409,1383599,681796,236851
IA,202409,689427,256099,85982
KS,202409,592635,197111,68846
KY,202409,991875,533252,178893
LA,202409,942994,528057,235995
ME,202409,380397,219076,97395
MD,202409,1156265,278632,159518
MA,202409,1465516,520829,355958
MI,202409,2261908,1393177,342013
MN,202409,1159003,689415,145240
MS,202409,643685,277641,161651
MO,202409,1337593,709998,188216
MT,202409,263361,77518,26068
NE,202409,385607,130141,44257
NV,202409,606277,308092,86419
NH,202409,347268,120368,32078
NJ,202409,1778615,716490,238766
NM,202409,464975,231827,106172
NY,202409,3937804,2064264,1178126
NC,202409,2239174,1242613,356060
ND,202409,148803,51170,15054
OH,202409,2547603,1421882,407591
OK,202409,809141,327126,123369
OR,202409,949431,519306,176088
PA,202409,2964754,1572407,473706
RI,202409,244570,144529,45914
SC,202409,1235984,561757,182947
SD,202409,199516,71993,20522
TN,202409,1488769,781782,241788
TX,202409,4800929,2564163,702399
UT,202409,468865,243499,40477
VT,202409,166086,54125,27790
VA,202409,1697887,648804,212961
WA,202409,1532203,747871,225311
WV,202409,454179,244444,83861
WI,202409,1323486,754046,177725
WY,202409,128261,23260,12099
AL,202410,1122636,669494,224342
AK,202410,119561,3015,20777
AZ,202410,1509626,759823,253021
AR,202410,681317,308685,128417
CA,202410,6999380,3555885,1766526
CO,202410,1046515,545090,128600
CT,202410,749635,423826,202173
DE,202410,247183,79053,32443
DC,202410,96961,32164,32882
FL,202410,5167430,2907060,920591
GA,202410,1958991,1074919,372040
HI,202410,308625,164960,50299
ID,202410,397372,193984,51681
IL,202410,2425580,1038473,414725
IN,202410,1385876,683433,237650
IA,202410,690440,256550,85971
KS,202410,593870,197445,69102
KY,202410,993123,534335,179183
LA,202410,944489,529564,236058
ME,202410,380996,219705,97774
MD,202410,1158912,279639,159500
MA,202410,1468502,522011,358528
MI,202410,2265629,1396133,341915
MN,202410,1161721,690785,144376
MS,202410,644540,278326,162121
MO,202410,1339711,711549,188601
MT,202410,263879,77689,26111
NE,202410,386385,130415,44138
NV,202410,607612,308750,86275
NH,202410,347981,120574,32054
NJ,202410,1783331,718598,238346
NM,202410,465835,232227,105312
NY,202410,3947148,2072295,1182766
NC,202410,2242902,1245664,356166
ND,202410,149122,51293,15157
OH,202410,2551441,1424510,408052
OK,202410,810378,328039,123652
OR,202410,950903,520057,176013
PA,202410,2969721,1575332,474408
RI,202410,245079,144914,45871
SC,202410,1237787,562732,183201
SD,202410,200000,72156,20605
TN,202410,1490797,781057,241950
TX,202410,4813363,2571639,705630
UT,202410,469932,244339,40533
VT,202410,166418,54196,27802
VA,202410,1701285,650546,212312
WA,202410,1535417,749704,226512
WV,202410,454403,244678,83414
WI,202410,1326282,755576,178267
WY,202410,128549,23416,12076
AL,202411,1123656,669756,225065
AK,202411,119838,2991,20641
AZ,202411,1511760,759892,253116
AR,202411,681855,308775,128645
CA,202411,7013982,3559998,1773214
CO,202411,1048687,545589,129303
CT,202411,750948,424424,202569
DE,202411,247495,79056,32493
DC,202411,97060,32215,32953
FL,202411,5174733,2909262,926348
GA,202411,1961921,1074978,369700
HI,202411,309186,165167,50378
ID,202411,397951,194188,51835
IL,202411,2429030,1038411,403149
IN,202411,1387441,683570,237165
IA,202411,691190,256218,86023
KS,202411,594676,197369,69142
KY,202411,993959,533493,179519
LA,202411,945943,529819,234554
ME,202411,381301,219857,98829
MD,202411,1160673,279829,158283
MA,202411,1470604,522112,359963
MI,202411,2268207,1396539,341414
MN,202411,1163555,691191,143590
MS,202411,645215,278338,162413
MO,202411,1341310,711420,188750
MT,202411,264273,77691,25932
NE,202411,386990,130478,43960
NV,202411,608501,309035,86756
NH,202411,348542,120604,32065
NJ,202411,1786532,718990,236990
NM,202411,466405,232353,105338
NY,202411,3953732,2076387,1184962
NC,202411,2245846,1247156,356353
ND,202411,149342,51370,15089
OH,202411,2553849,1424001,407988
OK,202411,811414,328060,123200
OR,202411,951679,520000,175221
PA,202411,2972807,1575374,474076
RI,202411,245414,145045,45827
SC,202411,1239068,562971,183224
SD,202411,200312,72264,20569
TN,202411,1492212,780844,240773
TX,202411,4822746,2574477,710740
UT,202411,470836,245159,40444
VT,202411,166651,54151,27788
VA,202411,1703654,649432,211054
WA,202411,1537575,750232,227477
WV,202411,454635,244594,82956
WI,202411,1328226,755848,178323
WY,202411,128714,23542,12011
AL,202412,1124707,669302,224002
AK,202412,120168,2983,20289
AZ,202412,1513504,759661,252889
AR,202412,682475,308351,128940
CA,202412,7027016,3561699,1779060
CO,202412,1050627,545877,129558
CT,202412,752222,424674,202456
DE,202412,247842,78997,32529
DC,202412,97146,32206,33099
FL,202412,5181621,2910270,881382
GA,202412,1965010,1074366,369223
HI,202412,309729,165397,50440
ID,202412,398632,194483,51866
IL,202412,2432322,1038731,401709
IN,202412,1389132,683279,236807
IA,202412,692185,256351,86231
KS,202412,595545,197194,69077
KY,202412,994811,532591,178727
LA,202412,947335,529888,234507
ME,202412,381698,219982,99925
MD,202412,1162303,279727,156619
MA,202412,1472741,522053,360910
MI,202412,2271100,1396251,341676
MN,202412,1165768,691439,142963
MS,202412,646102,278067,161166
MO,202412,1342962,710999,188435
MT,202412,264703,77660,25584
NE,202412,387577,130412,43935
NV,202412,609512,309213,87070
NH,202412,349130,120600,31950
NJ,202412,1789740,719421,236267
NM,202412,466967,232328,105335
NY,202412,3960801,2078814,1187556
NC,202412,2248948,1246915,356523
ND,202412,149665,51434,15115
OH,202412,2556685,1423142,407338
OK,202412,812208,327572,122844
OR,202412,952552,519750,172692
PA,202412,2976203,1574453,473611
RI,202412,245853,145053,45707
SC,202412,1240559,562548,182710
SD,202412,200677,72343,20397
TN,202412,1493847,780480,240466
TX,202412,4832534,2574949,713496
UT,202412,471588,245808,40375
VT,202412,166824,54123,27818
VA,202412,1706444,649760,209706
WA,202412,1539661,749401,228549
WV,202412,454874,244196,83000
WI,202412,1330544,756122,178501
WY,202412,128898,23594,12031
AL,202501,1130233,678730,222688
AK,202501,119503,3749,19795
AZ,202501,1522841,775775,250415
AR,202501,685176,315026,128156
CA,202501,7025323,3573480,1752256
CO,202501,1053141,555699,130059
CT,202501,758966,432374,201280
DE,202501,250767,81850,32076
DC,202501,96500,33142,26934
FL,202501,5197191,2929711,880999
GA,202501,1976968,1081035,369280
HI,202501,309572,165618,49904
ID,202501,403012,200594,51488
IL,202501,2431257,1052334,410556
IN,202501,1395204,700478,235081
IA,202501,694138,263721,85680
KS,202501,596889,196521,68544
KY,202501,997212,540239,176956
LA,202501,949862,533452,232839
ME,202501,383033,223521,99010
MD,202501,1164226,293409,156564
MA,202501,1475188,527123,364866
MI,202501,2276763,1426726,341364
MN,202501,1169785,701612,141182
MS,202501,648733,281875,161247
MO,202501,1346019,721236,187367
MT,202501,265472,79418,24788
NE,202501,388838,131792,43764
NV,202501,611813,314566,86169
NH,202501,350230,123527,31719
NJ,202501,1788327,726119,238245
NM,202501,467072,228822,103339
NY,202501,3949676,2062388,1177829
NC,202501,2265525,1282000,356553
ND,202501,149841,52757,15028
OH,202501,2564535,1453963,405874
OK,202501,816301,336512,122653
OR,202501,955900,521168,170213
PA,202501,2980439,1610493,473032
RI,202501,246146,145573,45389
SC,202501,1254741,574578,182810
SD,202501,200548,74465,20060
TN,202501,1502398,796238,239775
TX,202501,4859902,2610457,714703
UT,202501,474534,252323,35739
VT,202501,166702,50126,27654
VA,202501,1712452,665475,206841
WA,202501,1543006,752979,226655
WV,202501,455984,250851,83061
WI,202501,1335645,770260,177369
WY,202501,129237,25331,11827
AL,202502,1129761,681455,222613
AK,202502,119878,3744,19335
AZ,202502,1524062,778774,250971
AR,202502,685200,316164,128860
CA,202502,7034786,3593638,1755278
CO,202502,1054811,557443,130263
CT,202502,759880,434434,201632
DE,202502,251022,82265,32137
DC,202502,96594,33268,26872
FL,202502,5202358,2945590,883455
GA,202502,1978647,1090329,370511
HI,202502,309953,166152,49897
ID,202502,403546,201775,51612
IL,202502,2433073,1055891,410789
IN,202502,1395827,703091,234899
IA,202502,694523,264902,86015
KS,202502,597242,197739,68581
KY,202502,997331,543155,177070
LA,202502,950451,537333,232663
ME,202502,383243,224259,99651
MD,202502,1165650,295826,155973
MA,202502,1476908,529834,365378
MI,202502,2278526,1432594,341739
MN,202502,1171188,704012,140542
MS,202502,648966,285230,161456
MO,202502,1346489,724403,204756
MT,202502,265712,79874,24747
NE,202502,389211,132095,43697
NV,202502,612388,315789,82662
NH,202502,350650,124703,31658
NJ,202502,1790687,730611,237948
NM,202502,467381,231454,103322
NY,202502,3955065,2082695,1180394
NC,202502,2267140,1287487,355869
ND,202502,150027,53167,15038
OH,202502,2565603,1457666,405565
OK,202502,816421,337924,122308
OR,202502,956587,522335,169773
PA,202502,2981962,1613718,473219
RI,202502,246389,146465,45594
SC,202502,1255572,578639,182674
SD,202502,200774,74912,19838
TN,202502,1502644,798420,238030
TX,202502,4865934,2626190,708441
UT,202502,475172,254035,35872
VT,202502,166794,51271,27644
VA,202502,1714318,668552,206408
WA,202502,1545053,758356,227275
WV,202502,455775,251687,82111
WI,202502,1336823,772377,177425
WY,202502,129396,25521,11889
AL,202503,1130522,681864,223110
AK,202503,120267,3714,19111
AZ,202503,1526491,779880,251365
AR,202503,685562,316319,128693
CA,202503,7049522,3605513,1762124
CO,202503,1057185,558621,130289
CT,202503,761203,435873,201894
DE,202503,251382,82559,32147
DC,202503,96720,33420,32313
FL,202503,5210908,2950972,889539
GA,202503,1981829,1092908,373603
HI,202503,310573,166566,49751
ID,202503,404228,202148,51721
IL,202503,2436543,1056023,410216
IN,202503,1397210,704152,235037
IA,202503,695469,265479,86045
KS,202503,597906,197823,68561
KY,202503,998081,537954,177253
LA,202503,951612,538815,233175
ME,202503,383752,224735,100196
MD,202503,1167739,296887,156293
MA,202503,1479831,530891,367886
MI,202503,2281235,1433816,341268
MN,202503,1173369,705412,139987
MS,202503,649429,285509,161595
MO,202503,1347669,725526,187810
MT,202503,266193,80060,24759
NE,202503,389826,132573,43798
NV,202503,613533,316360,83900
NH,202503,351392,125135,31608
NJ,202503,1794182,733319,237550
NM,202503,468104,231923,103310
NY,202503,3963016,2092184,1184526
NC,202503,2270183,1290108,356021
ND,202503,150315,53431,15031
OH,202503,2568452,1459100,405210
OK,202503,816886,338108,122040
OR,202503,957657,521617,168434
PA,202503,2984988,1617148,473106
RI,202503,246782,146829,45742
SC,202503,1257193,579277,180957
SD,202503,201151,75144,19846
TN,202503,1504169,798626,238077
TX,202503,4875064,2633230,704413
UT,202503,476144,254687,36047
VT,202503,167032,51589,27641
VA,202503,1716996,670799,206148
WA,202503,1547842,761420,228181
WV,202503,455782,252241,82565
WI,202503,1339036,773733,177533
WY,202503,129668,25603,11852
AL,202504,1130737,683407,223354
AK,202504,120546,3700,18888
AZ,202504,1528447,780314,251458
AR,202504,685634,317053,128721
CA,202504,7063670,3615783,1767279
CO,202504,1059194,558659,130277
CT,202504,762559,436478,201786
DE,202504,251654,82720,32223
DC,202504,96780,32834,32400
FL,202504,5217777,2957222,895960
GA,202504,1983941,1098939,373456
HI,202504,311006,166530,49717
ID,202504,404832,202894,51769
IL,202504,2439933,1059343,408749
IN,202504,1398336,704574,234067
IA,202504,695987,265489,85412
KS,202504,598374,197713,68825
KY,202504,998423,542210,177372
LA,202504,952006,539694,232203
ME,202504,384008,225142,100578
MD,202504,1169381,296093,155485
MA,202504,1482323,532211,369650
MI,202504,2283691,1435365,341699
MN,202504,1175750,707531,139422
MS,202504,649627,286277,161453
MO,202504,1348781,726388,187401
MT,202504,266561,80091,24838
NE,202504,390257,132868,43685
NV,202504,614461,316929,84266
NH,202504,351936,125382,31544
NJ,202504,1797459,734987,237671
NM,202504,468492,232672,103073
NY,202504,3970497,2099944,1187209
NC,202504,2272191,1292391,356497
ND,202504,150624,53636,15018
OH,202504,2570375,1460522,405138
OK,202504,817353,338553,121919
OR,202504,958323,521440,169115
PA,202504,2987532,1619744,472445
RI,202504,247178,147128,45976
SC,202504,1258346,580640,180047
SD,202504,201472,75372,19880
TN,202504,1504846,797646,237849
TX,202504,4883151,2641445,702323
UT,202504,477056,255583,36182
VT,202504,167258,51760,27617
VA,202504,1719079,671359,205654
WA,202504,1550162,763556,228791
WV,202504,455661,252245,82489
WI,202504,1341010,774543,177617
WY,202504,129882,25648,11846
AL,202505,1131583,684740,223486
AK,202505,120838,3679,18905
AZ,202505,1530785,781727,251303
AR,202505,685960,317776,128876
CA,202505,7080066,3628804,1774248
CO,202505,1061620,560171,129671
CT,202505,764216,437692,202179
DE,202505,252144,82801,32337
DC,202505,96916,33259,32445
FL,202505,5226141,2965800,899396
GA,202505,1987167,1103682,375082
HI,202505,311548,166498,49788
ID,202505,405621,203512,51795
IL,202505,2444182,1062221,407855
IN,202505,1400071,706332,232076
IA,202505,696832,266112,85443
KS,202505,599258,198231,68845
KY,202505,999196,544098,177531
LA,202505,952839,540931,231539
ME,202505,384501,225543,100787
MD,202505,1171583,297618,155164
MA,202505,1485372,533637,370740
MI,202505,2286695,1438345,340769
MN,202505,1178160,709246,138985
MS,202505,649973,287375,161360
MO,202505,1350503,727437,187083
MT,202505,267068,80207,24808
NE,202505,390926,133006,43589
NV,202505,615657,317813,84693
NH,202505,352693,125626,31532
NJ,202505,1801550,737102,237864
NM,202505,469206,233582,102930
NY,202505,3979175,2107522,1190147
NC,202505,2275243,1295546,356544
ND,202505,150887,53764,14982
OH,202505,2573704,1462893,404735
OK,202505,818135,339175,121659
OR,202505,959570,521565,169944
PA,202505,2991436,1622730,471508
RI,202505,247688,147618,46026
SC,202505,1259864,582130,179309
SD,202505,201912,75554,19850
TN,202505,1506125,799248,237324
TX,202505,4893132,2647412,702638
UT,202505,478167,256350,36021
VT,202505,167541,51833,27590
VA,202505,1722104,673949,207323
WA,202505,1553331,765723,229304
WV,202505,455706,252466,82561
WI,202505,1343417,776195,177552
WY,202505,130147,25745,11798
AL,202506,1132372,685792,220453
AK,202506,121189,3656,18877
AZ,202506,1533024,782960,251365
AR,202506,686530,318161,128967
CA,202506,7094232,3638335,1778680
CO,202506,1064209,561026,129209
CT,202506,765994,438662,202460
DE,202506,252644,82904,32348
DC,202506,97123,33432,32440
FL,202506,5234672,2971553,901999
GA,202506,1990585,1105795,375528
HI,202506,312074,166525,49836
ID,202506,406445,202531,51870
IL,202506,2448344,1064302,405703
IN,202506,1402198,707346,231209
IA,202506,697928,266701,85417
KS,202506,600109,198402,68654
KY,202506,1000063,545179,177567
LA,202506,953924,541120,230510
ME,202506,385081,225740,101099
MD,202506,1174133,297930,154578
MA,202506,1488360,535078,371473
MI,202506,2289971,1440090,340488
MN,202506,1180669,710847,138647
MS,202506,650617,287983,161595
MO,202506,1352326,728906,187639
MT,202506,267508,80259,24726
NE,202506,391575,133328,43537
NV,202506,616940,318342,84702
NH,202506,353467,125848,31544
NJ,202506,1805557,738941,237417
NM,202506,469896,234149,103000
NY,202506,3987892,2115329,1187021
NC,202506,2278699,1297935,356611
ND,202506,151145,53870,14966
OH,202506,2577379,1465001,405926
OK,202506,819043,339684,121740
OR,202506,961055,521733,170727
PA,202506,2995991,1625886,470875
RI,202506,248186,148901,45760
SC,202506,1261581,583292,179080
SD,202506,202320,75776,19845
TN,202506,1508045,799814,237304
TX,202506,4903764,2654681,700374
UT,202506,479342,257079,35630
VT,202506,167821,51906,27539
VA,202506,1725453,675491,207308
WA,202506,1556236,767378,229962
WV,202506,455951,252576,82685
WI,202506,1345882,777537,177726
WY,202506,130403,25774,11793
AL,202507,1133683,686232,220968
AK,202507,121604,3613,18836
AZ,202507,1536133,784333,251758
AR,202507,687278,318904,129427
CA,202507,7113444,3649529,1785692
CO,202507,1067205,562233,128787
CT,202507,768034,439873,202563
DE,202507,253170,83025,32424
DC,202507,97254,33394,32582
FL,202507,5244723,2974763,904037
GA,202507,1995122,1109065,377566
HI,202507,312655,166948,49874
ID,202507,407530,203381,51989
IL,202507,2453854,1071335,404493
IN,202507,1404932,708506,230210
IA,202507,699488,267365,85588
KS,202507,601348,198684,68417
KY,202507,1001420,546555,177822
LA,202507,955296,542092,229669
ME,202507,385808,226487,101375
MD,202507,1176917,298472,154362
MA,202507,1491859,536796,372810
MI,202507,2294205,1442979,340117
MN,202507,1183891,712515,138674
MS,202507,651345,288481,161544
MO,202507,1354879,730343,188244
MT,202507,268080,80356,24719
NE,202507,392600,133692,43613
NV,202507,618329,319000,84743
NH,202507,354372,126215,31589
NJ,202507,1810245,741289,236973
NM,202507,470835,234770,104238
NY,202507,3997500,2123775,1183089
NC,202507,2282896,1301137,356791
ND,202507,151476,53977,14926
OH,202507,2582058,1467471,406692
OK,202507,820371,340338,121768
OR,202507,962570,522044,170484
PA,202507,3001385,1629354,471543
RI,202507,248731,149226,45586
SC,202507,1263888,584410,178991
SD,202507,202811,76089,19806
TN,202507,1510233,800966,236780
TX,202507,4916008,2661455,700818
UT,202507,480585,257944,35786
VT,202507,168208,52103,27552
VA,202507,1729140,676325,207227
WA,202507,1559602,769302,230796
WV,202507,456184,252781,84377
WI,202507,1348968,779117,177691
WY,202507,130701,25861,11790
AL,202508,1135142,686911,220662
AK,202508,122036,3576,18843
AZ,202508,1539131,785476,251791
AR,202508,688162,319177,129585
CA,202508,7132322,3660292,1788738
CO,202508,1070253,563127,128821
CT,202508,769973,440466,202896
DE,202508,253723,82968,32499
DC,202508,97494,33524,32591
FL,202508,5255213,2979679,906697
GA,202508,1999518,1110881,379160
HI,202508,313311,167347,49891
ID,202508,408388,203937,52100
IL,202508,2459637,1072720,404745
IN,202508,1407758,709270,228776
IA,202508,701048,267778,85587
KS,202508,602658,198946,68287
KY,202508,1002830,547134,177784
LA,202508,957128,542187,229286
ME,202508,386525,226739,101737
MD,202508,1179841,298502,153820
MA,202508,1495444,538175,373531
MI,202508,2298744,1443946,340128
MN,202508,1186988,713966,138596
MS,202508,652134,288693,161468
MO,202508,1357378,731384,188649
MT,202508,268609,80389,24583
NE,202508,393582,133856,43649
NV,202508,619653,319183,84562
NH,202508,355254,126375,31523
NJ,202508,1815087,743351,236540
NM,202508,471770,235240,104722
NY,202508,4007284,2128398,1178450
NC,202508,2287788,1303744,357058
ND,202508,151874,54098,14889
OH,202508,2586720,1466332,406843
OK,202508,821683,341052,121812
OR,202508,964094,522658,170369
PA,202508,3006970,1630072,471785
RI,202508,249287,149359,45474
SC,202508,1266203,585514,178696
SD,202508,203314,76246,19929
TN,202508,1512708,801843,236533
TX,202508,4929505,2666907,699798
UT,202508,481715,258543,35728
VT,202508,168550,52112,27533
VA,202508,1733343,676807,206992
WA,202508,1562964,770687,231384
WV,202508,456594,252454,84470
WI,202508,1352422,781043,177663
WY,202508,130992,25813,11772
AL,202509,1136768,687743,221280
AK,202509,122449,3540,18893
AZ,202509,1542378,786841,252067
AR,202509,689102,319921,130057
CA,202509,7152253,3669542,1792511
CO,202509,1073192,564123,128134
CT,202509,771959,441736,203113
DE,202509,254324,83032,32557
DC,202509,97694,33596,32698
FL,202509,5266160,2982869,909244
GA,202509,2004163,1113142,379734
HI,202509,313892,167625,49650
ID,202509,409373,204492,52184
IL,202509,2465336,1074439,404484
IN,202509,1410531,710275,227148
IA,202509,702288,268170,85682
KS,202509,603860,199174,68443
KY,202509,1004188,548162,178295
LA,202509,959264,543679,229285
ME,202509,387273,227436,102075
MD,202509,1182966,299389,153785
MA,202509,1499513,539244,374102
MI,202509,2303118,1445953,340080
MN,202509,1190311,715545,138586
MS,202509,653139,289256,161786
MO,202509,1359860,732755,189260
MT,202509,269213,80453,24517
NE,202509,394572,134117,43703
NV,202509,621156,319767,84428
NH,202509,356268,126549,31387
NJ,202509,1820369,744952,236412
NM,202509,472633,235777,105156
NY,202509,4017541,2135316,1173870
NC,202509,2292796,1306538,357389
ND,202509,152280,54236,14893
OH,202509,2591907,1468543,408693
OK,202509,823143,341416,121976
OR,202509,965610,522924,170383
PA,202509,3013285,1633341,471969
RI,202509,249857,149510,45673
SC,202509,1268649,586391,178649
SD,202509,203822,76392,19814
TN,202509,1515322,802769,237247
TX,202509,4943396,2673425,700113
UT,202509,482855,259240,34652
VT,202509,168944,52158,27556
VA,202509,1737642,678721,206932
WA,202509,1566740,772840,232116
WV,202509,456958,252732,84637
WI,202509,1355718,782516,177922
WY,202509,131316,25802,11784
AL,202510,1138099,688364,221971
AK,202510,122828,3518,18838
AZ,202510,1545228,787626,252397
AR,202510,689955,320199,130481
CA,202510,7171957,3678460,1796860
CO,202510,1075762,564893,128211
CT,202510,774082,442861,203470
DE,202510,254990,83100,32596
DC,202510,97909,33584,32979
FL,202510,5277970,2989020,911793
GA,202510,2008493,1114316,381800
HI,202510,314706,167865,49377
ID,202510,410046,204838,52271
IL,202510,2470449,1075071,403861
IN,202510,1412957,710743,225875
IA,202510,703448,268476,85729
KS,202510,604974,199433,68481
KY,202510,1005444,548437,178179
LA,202510,961041,544393,228959
ME,202510,387926,227878,102563
MD,202510,1185985,299553,154090
MA,202510,1503362,540189,372932
MI,202510,2307064,1447219,338854
MN,202510,1193353,716891,138435
MS,202510,653881,289634,161761
MO,202510,1362172,732701,188576
MT,202510,269681,80567,24487
NE,202510,395470,134405,43748
NV,202510,622487,320079,84363
NH,202510,357137,126612,31320
NJ,202510,1825575,746658,236066
NM,202510,473487,236279,105644
NY,202510,4027710,2139760,1170629
NC,202510,2296872,1308670,357379
ND,202510,152610,54331,14892
OH,202510,2596039,1468301,409114
OK,202510,824367,342024,121656
OR,202510,966926,523305,170346
PA,202510,3018818,1635111,472843
RI,202510,250483,149563,45788
SC,202510,1270614,586556,178169
SD,202510,204241,76494,19876
TN,202510,1517514,803306,237031
TX,202510,4956375,2678315,700498
UT,202510,484049,259831,35850
VT,202510,169290,52136,27558
VA,202510,1741269,679876,205420
WA,202510,1570037,774095,232972
WV,202510,457280,252796,84653
WI,202510,1358611,783512,177738
WY,202510,131606,25758,11779
AL,202511,1139066,688425,222376
AK,202511,123112,3478,18704
AZ,202511,1547516,787552,251859
AR,202511,690559,319918,130822
CA,202511,7186572,3684272,1797382
CO,202511,1077918,565110,127778
CT,202511,775490,443293,203956
DE,202511,255459,83080,32635
DC,202511,98007,33618,33047
FL,202511,5286285,2993648,911661
GA,202511,2011515,1114979,382950
HI,202511,315192,167892,49048
ID,202511,410631,204833,52307
IL,202511,2474173,1074548,402522
IN,202511,1414746,710449,224160
IA,202511,704336,268213,85514
KS,202511,605946,199320,68410
KY,202511,1006377,548489,178426
LA,202511,962472,544416,226894
ME,202511,388357,227897,103057
MD,202511,1188041,299483,152978
MA,202511,1506067,540432,372247
MI,202511,2309941,1447831,337808
MN,202511,1195352,717421,137889
MS,202511,654583,289532,161946
MO,202511,1363779,733213,188305
MT,202511,269997,80529,24412
NE,202511,396077,134443,43707
NV,202511,623610,320316,83911
NH,202511,357771,126556,31070
NJ,202511,1829254,747603,235256
NM,202511,474163,236321,105925
NY,202511,4034617,2142704,1169707
NC,202511,2299897,1309324,357073
ND,202511,152832,54320,14812
OH,202511,2599220,1468276,408275
OK,202511,825351,341987,120682
OR,202511,967756,523167,170101
PA,202511,3022464,1634616,472415
RI,202511,250884,149632,45415
SC,202511,1272145,586586,177231
SD,202511,204629,76566,19891
TN,202511,1518966,802679,236621
TX,202511,4965842,2679539,693597
UT,202511,484858,260330,35596
VT,202511,169512,51939,27501
VA,202511,1743829,679199,205191
WA,202511,1572208,774381,233379
WV,202511,457362,252388,83774
WI,202511,1360628,783986,177287
WY,202511,131827,25691,11801
AL,202512,1139939,688160,222702
AK,202512,123357,3459,18527
AZ,202512,1549664,787411,251554
AR,202512,691215,319667,130901
CA,202512,7201361,3687616,1799053
CO,202512,1080138,565109,127067
CT,202512,776840,443755,203998
DE,202512,255792,83068,32652
DC,202512,98095,33570,33021
FL,202512,5295038,2993600,913466
GA,202512,2014749,1114471,383480
HI,202512,315723,168010,48804
ID,202512,411388,204769,51327
IL,202512,2477737,1073075,402690
IN,202512,1416508,709265,222555
IA,202512,705418,268000,85379
KS,202512,606856,199026,68469
KY,202512,1007080,547955,178156
LA,202512,963962,544043,226521
ME,202512,388775,227887,103458
MD,202512,1190146,299314,152220
MA,202512,1508886,540322,373179
MI,202512,2312954,1447103,337686
MN,202512,1197619,717250,137799
MS,202512,655270,289259,160435
MO,202512,1365578,731619,187398
MT,202512,270409,80459,24370
NE,202512,396791,134435,43612
NV,202512,624744,320468,83577
NH,202512,358345,126449,31050
NJ,202512,1832702,748053,234282
NM,202512,474838,236401,106275
NY,202512,4042427,2144633,1169964
NC,202512,2303472,1309510,357075
ND,202512,153036,54334,14792
OH,202512,2602133,1466966,408644
OK,202512,826322,341583,119962
OR,202512,968676,522699,169827
PA,202512,3026307,1633481,472970
RI,202512,251199,149624,45359
SC,202512,1273799,585676,176578
SD,202512,205039,76549,19909
TN,202512,1520706,801916,236931
TX,202512,4976449,2679543,687720
UT,202512,485602,260748,35300
VT,202512,169806,51799,27500
VA,202512,1746751,678688,204644
WA,202512,1574853,774480,234127
WV,202512,457543,251982,83697
WI,202512,1362940,783922,177047
WY,202512,132060,25608,11802
AL,202601,1142544,696329,221420
AK,202601,122916,3553,18433
AZ,202601,1554742,795351,248537
AR,202601,692505,323777,129934
CA,202601,7199909,3677049,1787992
CO,202601,1082378,562783,125523
CT,202601,779738,438643,203234
DE,202601,256855,82491,32264
DC,202601,97678,33073,32454
FL,202601,5310338,3013321,911717
GA,202601,2020992,1121602,380935
HI,202601,315404,168236,48223
ID,202601,414150,187696,51943
IL,202601,2476824,1077695,388878
IN,202601,1419180,720376,220338
IA,202601,706593,264886,84061
KS,202601,607802,203177,67865
KY,202601,1008222,556068,178498
LA,202601,965214,551500,224779
ME,202601,389655,227298,103443
MD,202601,1190535,289954,151871
MA,202601,1508657,536601,370587
MI,202601,2316048,1462934,336383
MN,202601,1199589,676986,137670
MS,202601,656293,294279,160506
MO,202601,1367659,741348,184950
MT,202601,271171,80503,24460
NE,202601,397485,135611,43791
NV,202601,626553,324679,82719
NH,202601,358987,110990,30978
NJ,202601,1831037,753412,232766
NM,202601,474767,239498,105908
NY,202601,4033268,2132404,1164570
NC,202601,2312489,1333563,356637
ND,202601,153307,54120,14639
OH,202601,2605564,1472734,398837
OK,202601,828507,350239,118444
OR,202601,970232,522647,168043
PA,202601,3028416,1644292,470523
RI,202601,251223,149981,44571
SC,202601,1281443,591654,176060
SD,202601,205126,72329,19674
TN,202601,1525509,813562,234327
TX,202601,4992372,2714946,678738
UT,202601,487597,265094,34656
VT,202601,169791,21618,30393
VA,202601,1748095,682864,202362
WA,202601,1575781,780471,233207
WV,202601,457775,258691,82603
WI,202601,1365912,781638,176388
WY,202601,132418,20294,11754
AL,202602,1142366,699169,221763
AK,202602,123062,3556,18375
AZ,202602,1555491,798768,247802
AR,202602,692385,325478,129258
CA,202602,7205796,3690976,1782700
CO,202602,1083417,565388,125396
CT,202602,780074,441569,203383
DE,202602,256963,83629,32258
DC,202602,97685,33460,32575
FL,202602,5313501,3026841,912801
GA,202602,2021855,1130148,377570
HI,202602,315485,168279,47914
ID,202602,414381,189692,51908
IL,202602,2477906,1084646,395362
IN,202602,1419476,723198,219117
IA,202602,706858,266309,84077
KS,202602,607908,203410,67777
KY,202602,1008149,557132,178282
LA,202602,965318,553929,223359
ME,202602,389661,228480,103692
MD,202602,1191104,295017,151489
MA,202602,1509280,539266,370657
MI,202602,2316475,1468751,335277
MN,202602,1200308,682574,136815
MS,202602,656264,295717,160490
MO,202602,1368032,744062,184921
MT,202602,271373,80884,24376
NE,202602,397616,135935,43729
NV,202602,627082,325695,82567
NH,202602,359213,112194,30696
NJ,202602,1832246,756752,232084
NM,202602,474748,240382,105864
NY,202602,4034767,2148583,1161968
NC,202602,2313424,1337012,355811
ND,202602,153408,54395,14578
OH,202602,2605492,1478756,398007
OK,202602,828641,351001,117895
OR,202602,970254,522891,167355
PA,202602,3028636,1648852,469780
RI,202602,251292,150216,44357
SC,202602,1281957,595998,175115
SD,202602,205365,73120,19704
TN,202602,1525443,815716,233425
TX,202602,4995953,2725812,675871
UT,202602,487886,266545,34244
VT,202602,169886,21725,30804
VA,202602,1748881,687680,201747
WA,202602,1576759,783033,233612
WV,202602,457513,258932,82493
WI,202602,1366955,783972,176030
WY,202602,132486,20569,11729
AL,202603,1142735,699844,221823
AK,202603,123366,3558,18409
AZ,202603,1557328,799246,247699
AR,202603,692712,325100,128922
CA,202603,7216728,3699240,1779362
CO,202603,1085247,566602,124582
CT,202603,781285,443024,203644
DE,202603,257325,83718,32332
DC,202603,97717,33672,33444
FL,202603,5319592,3028133,913846
GA,202603,2024284,1132173,377713
HI,202603,315913,168537,47528
ID,202603,415061,190273,52044
IL,202603,2480913,1086997,383953
IN,202603,1420653,723885,218220
IA,202603,707650,266816,84173
KS,202603,608385,203413,67635
KY,202603,1008793,557585,178055
LA,202603,965829,554416,223594
ME,202603,390029,229030,103914
MD,202603,1192567,297372,151398
MA,202603,1511615,540097,369806
MI,202603,2318847,1471315,334159
MN,202603,1202235,684992,136356
MS,202603,656662,296070,160384
MO,202603,1369191,744634,184814
MT,202603,271775,81041,24278
NE,202603,398117,136149,43742
NV,202603,627876,325965,82390
NH,202603,359789,112544,30523
NJ,202603,1835141,758476,231521
NM,202603,475243,240610,105401
NY,202603,4040019,2155594,1162273
NC,202603,2316365,1338215,355900
ND,202603,153666,54501,14567
OH,202603,2608047,1480611,397908
OK,202603,829236,350652,117481
OR,202603,970997,523019,166891
PA,202603,3031420,1650493,468299
RI,202603,251741,150372,44344
SC,202603,1283351,596122,174389
SD,202603,205719,73445,19150
TN,202603,1526708,816015,233083
TX,202603,5002489,2728451,671491
UT,202603,488628,267343,34335
VT,202603,170128,21727,31143
VA,202603,1750992,689466,201615
WA,202603,1579018,784515,234258
WV,202603,457600,259082,82359
WI,202603,1369184,785355,175906
WY,202603,132751,20677,11765
AL,202604,1142514,700731,221931
AK,202604,123598,3540,18419
AZ,202604,1558248,800472,247511
AR,202604,692553,325988,128276
CA,202604,7225330,3710145,1769218
CO,202604,1086666,567508,124312
CT,202604,782076,443375,204113
DE,202604,257620,84141,32238
DC,202604,97729,33593,33441
FL,202604,5324170,3037249,913104
GA,202604,2025694,1135859,372534
HI,202604,316130,168687,47072
ID,202604,415549,190875,51959
IL,202604,2482964,1087357,381658
IN,202604,1424507,723991,219674
IA,202604,708060,266721,83844
KS,202604,608615,203699,67344
KY,202604,1009006,558402,177416
LA,202604,965959,557963,219657
ME,202604,390328,229461,104126
MD,202604,1196699,298659,153919
MA,202604,1513125,540756,368357
MI,202604,2320606,1473998,331021
MN,202604,1203638,686304,135454
MS,202604,656742,296559,160083
MO,202604,1369718,746195,184172
MT,202604,271987,81164,24003
NE,202604,398351,136337,43583
NV,202604,628359,326789,82252
NH,202604,360234,112703,30381
NJ,202604,1837433,760068,230834
NM,202604,475525,241124,41038
NY,202604,4044727,2161444,1160258
NC,202604,2318357,1341052,355241
ND,202604,153766,54574,14428
OH,202604,2626656,1482636,404221
OK,202604,829286,351403,117014
OR,202604,971414,523439,166372
PA,202604,3032898,1652198,466681
RI,202604,251968,150642,44520
SC,202604,1284037,598225,173410
SD,202604,205927,73517,19794
TN,202604,1527071,817109,232122
TX,202604,5006773,2738701,668323
UT,202604,489069,268117,34071
VT,202604,170320,21676,31277
VA,202604,1752655,691693,200969
WA,202604,1580503,786115,234348
WV,202604,457414,259050,81952
WI,202604,1370676,786703,175233
WY,202604,132909,20634,11739
AL,202605,1142782,701586,218554
AK,202605,123826,3512,18334
AZ,202605,1559482,801478,246532
AR,202605,692587,326362,128115
CA,202605,7234690,3719323,1761507
CO,202605,1088094,568252,123411
CT,202605,783025,444374,204523
DE,202605,257889,84352,32233
DC,202605,97746,33548,33328
FL,202605,5329563,3042380,910704
GA,202605,2027705,1138337,369045
HI,202605,316293,168538,46581
ID,202605,416112,191267,51924
IL,202605,2485630,1090590,376294
IN,202605,1425541,724987,217688
IA,202605,708692,266803,83670
KS,202605,609067,203758,67052
KY,202605,1009490,559025,176998
LA,202605,966179,558523,217974
ME,202605,390650,229689,104234
MD,202605,1198116,299146,152943
MA,202605,1514987,541069,368815
MI,202605,2322613,1474032,327641
MN,202605,1205102,687491,133994
MS,202605,656860,296930,160058
MO,202605,1370545,746763,182740
MT,202605,272278,81221,23712
NE,202605,398636,136304,43495
NV,202605,628991,327283,82306
NH,202605,360686,112751,30065
NJ,202605,1840175,761677,230001
NM,202605,475933,241302,40580
NY,202605,4050218,2167790,1154306
NC,202605,2320474,1342594,354010
ND,202605,153917,54597,14178
OH,202605,2628905,1484891,403108
OK,202605,829366,351648,115358
OR,202605,972025,523491,166645
PA,202605,3035289,1653843,464788
RI,202605,252291,150773,44250
SC,202605,1284997,599397,172145
SD,202605,206247,73588,19733
TN,202605,1527829,817810,231341
TX,202605,5012210,2744533,661722
UT,202605,489616,268691,38673
VT,202605,170503,21632,31258
VA,202605,1754488,693260,199283
WA,202605,1582121,786772,233506
WV,202605,457366,259097,81702
WI,202605,1372239,787559,174249
WY,202605,133109,20588,11650
