state_name_source,year,comprehensive_mltss,mltss_only,notes
Arkansas5,2016,,0,"Arkansas is unable to report enrollment as of July 1, 2016. Enrollment figures represent cumulative enrollment for the state fiscal year (July 1,2015-June 30, 2016)."
District of Columbia,2016,,0,
Wyoming,2016,,0,
Pennsylvania,2016,,0,
Massachusetts,2016,,0,
North Dakota,2016,,0,
Michigan6,2016,,19120,"7,743 of Michigan's MLTSS users are receiving capitated HCBS under the state's Specialty Prepaid Inpatient Health Plan, a BHO. The remainder are receiving MLTSS under MI Choice, an MLTSS Only program."
Virginia,2016,,0,
Hawaii,2016,,0,
Kentucky,2016,,0,
South Dakota,2016,,0,
Montana,2016,,0,
Alabama,2016,,0,
California,2016,,0,
Missouri,2016,,0,
Northern Mariana Islands,2016,,,
Louisiana,2016,,0,
New Jersey,2016,,0,
Delaware4,2016,,0,"Delaware, Idaho, Illinois, and Rhode Island report the number of enrollees in their MLTSS programs, some of whom may not be using MLTSS. In previous years, they reported the number of users of LTSS. The totals in this column do not include those five states because it is a count of users, not enrollees."
Washington,2016,,0,
Guam,2016,,,
Oregon,2016,,0,
Alaska,2016,,0,
New Hampshire,2016,,0,
New Mexico,2016,,0,
South Carolina,2016,,0,
Indiana,2016,,0,
Maine,2016,,0,
Rhode Island4,2016,,0,"Delaware, Idaho, Illinois, and Rhode Island report the number of enrollees in their MLTSS programs, some of whom may not be using MLTSS. In previous years, they reported the number of users of LTSS. The totals in this column do not include those five states because it is a count of users, not enrollees."
Mississippi,2016,,0,
Georgia,2016,,0,
West Virginia,2016,,0,
Utah,2016,,0,
Colorado,2016,,0,
Ohio8,2016,,40709,"Since 2014, Ohio has operated an MLTSS program for dually eligible beneficiaries who chose not to participate in (i.e., opt out of) the MyCare Financial Alignment. Ohio began reporting the MyCare Opt-Out as an MLTSS program in 2016."
American Samoa,2016,,,
New York,2016,,157229,
Texas,2016,,0,
Iowa,2016,,0,
Vermont,2016,,0,
Illinois4,2016,,214,"Delaware, Idaho, Illinois, and Rhode Island report the number of enrollees in their MLTSS programs, some of whom may not be using MLTSS. In previous years, they reported the number of users of LTSS. The totals in this column do not include those five states because it is a count of users, not enrollees."
Nevada,2016,,0,
Florida,2016,,92350,
Puerto Rico,2016,,0,
Oklahoma,2016,,0,
Minnesota7,2016,,0,"Minnesota's MLTSS user count includes 6,134 dually eligible Medicare-Medicaid beneficiaries who received skilled nursing visits in the home, some of which may be paid for by Medicare rather than Medicaid."
Wisconsin,2016,,43578,
Maryland,2016,,0,
Connecticut,2016,,0,
North Carolina,2016,,0,
Nebraska,2016,,0,
Virgin Islands,2016,,,
Kansas,2016,,0,
Arizona,2016,,0,
Tennessee,2016,,0,
Idaho4,2016,,0,"Delaware, Idaho, Illinois, and Rhode Island report the number of enrollees in their MLTSS programs, some of whom may not be using MLTSS. In previous years, they reported the number of users of LTSS. The totals in this column do not include those five states because it is a count of users, not enrollees."
Georgia5,2017,,0,"Georgia's Total Medicaid Enrollment in Any Type of Managed Care does not include 1,626,252 NEMT enrollees; a portion of these enrollees are simultaneously enrolled in other managed care programs."
Rhode Island4,2017,,0,"Delaware, Idaho, Illinois, Kansas, and Rhode Island report the number of enrollees in their MLTSS programs, some of whom may not be using MLTSS. In previous years, they reported the number of users of LTSS. The totals in this column do not include those six states because it is a count of users, not enrollees."
Nevada,2017,,0,
Washington,2017,,0,
North Carolina,2017,,0,
Louisiana,2017,,0,
Utah,2017,,0,
Mississippi,2017,,0,
Arizona,2017,,0,
New Hampshire,2017,,0,
Indiana,2017,,0,
American Samoa,2017,,,
Missouri,2017,,0,
South Carolina,2017,,0,
Guam,2017,,,
New York,2017,,184298,
Connecticut,2017,,0,
Oklahoma,2017,,0,
Virginia,2017,,0,
Kentucky,2017,,0,
Ohio8,2017,,0,"Since 2014, Ohio has operated an MLTSS program for dually eligible beneficiaries who chose not to participate in (i.e., opt out of) the MyCare Financial Alignment. Ohio began reporting the MyCare Opt-Out as an MLTSS program in 2016."
Illinois4,2017,,28223,"Delaware, Idaho, Illinois, Kansas, and Rhode Island report the number of enrollees in their MLTSS programs, some of whom may not be using MLTSS. In previous years, they reported the number of users of LTSS. The totals in this column do not include those six states because it is a count of users, not enrollees."
Texas,2017,,0,
Colorado,2017,,0,
Alaska,2017,,0,
Hawaii,2017,,0,
Montana,2017,,0,
Wyoming,2017,,0,
Massachusetts,2017,,0,
Kansas4,2017,,0,"Delaware, Idaho, Illinois, Kansas, and Rhode Island report the number of enrollees in their MLTSS programs, some of whom may not be using MLTSS. In previous years, they reported the number of users of LTSS. The totals in this column do not include those six states because it is a count of users, not enrollees."
Oregon,2017,,0,
South Dakota,2017,,0,
New Mexico,2017,,0,
Delaware4,2017,,0,"Delaware, Idaho, Illinois, Kansas, and Rhode Island report the number of enrollees in their MLTSS programs, some of whom may not be using MLTSS. In previous years, they reported the number of users of LTSS. The totals in this column do not include those six states because it is a count of users, not enrollees."
Virgin Islands,2017,,,
Maryland,2017,,0,
Wisconsin,2017,,46013,
California,2017,,0,
Northern Mariana Islands,2017,,,
District of Columbia,2017,,0,
Idaho4,2017,,0,"Delaware, Idaho, Illinois, Kansas, and Rhode Island report the number of enrollees in their MLTSS programs, some of whom may not be using MLTSS. In previous years, they reported the number of users of LTSS. The totals in this column do not include those six states because it is a count of users, not enrollees."
Pennsylvania,2017,,0,
Nebraska,2017,,0,
Tennessee9,2017,,0,
Iowa,2017,,0,
Alabama,2017,,0,
Michigan6,2017,,19062,"7,634 of Michigan's MLTSS users are receiving capitated HCBS under the state's Specialty Prepaid Inpatient Health Plan, a BHO. The remainder are receiving MLTSS under MI Choice, an MLTSS Only program."
Vermont,2017,,0,
Maine,2017,,0,
North Dakota,2017,,0,
Florida,2017,,97638,
Arkansas,2017,,0,
New Jersey,2017,,0,
West Virginia,2017,,0,
Minnesota7,2017,,0,"Minnesota's MLTSS user count includes 4,107 dually eligible Medicare-Medicaid beneficiaries who received skilled nursing visits in the home, some of which may be paid for by Medicare rather than Medicaid."
Puerto Rico,2017,,0,
Alabama,2018,0,0,
Alaska,2018,0,0,
American Samoa,2018,,,
Arizona,2018,60015,0,
Arkansas,2018,0,0,
California,2018,346031,0,
Colorado,2018,0,0,
Connecticut,2018,0,0,
Delaware,2018,13542,0,
District of Columbia,2018,0,0,
Florida4,2018,0,101524,"Florida, Hawaii, Idaho, Illinois, Kansas, and Pennsylvania report the number of enrollees in their MLTSS programs, some of whom may not be using MLTSS. The totals in this column do not include those six states because it is a count of users, not enrollees."
Georgia5,2018,0,0," Georgia's Total Medicaid Enrollment in Any Type of Managed Care does not include 1,626,252 NEMT enrollees; a portion of these enrollees are simultaneously enrolled in other managed care programs."
Guam,2018,,,
Hawaii4,2018,9466,0,"Florida, Hawaii, Idaho, Illinois, Kansas, and Pennsylvania report the number of enrollees in their MLTSS programs, some of whom may not be using MLTSS. The totals in this column do not include those six states because it is a count of users, not enrollees."
Idaho4,2018,3799,0,"Florida, Hawaii, Idaho, Illinois, Kansas, and Pennsylvania report the number of enrollees in their MLTSS programs, some of whom may not be using MLTSS. The totals in this column do not include those six states because it is a count of users, not enrollees."
Illinois4,2018,28756,31143,"Florida, Hawaii, Idaho, Illinois, Kansas, and Pennsylvania report the number of enrollees in their MLTSS programs, some of whom may not be using MLTSS. The totals in this column do not include those six states because it is a count of users, not enrollees."
Indiana,2018,0,0,
Iowa,2018,41421,0,
Kansas4,2018,29083,0,"Florida, Hawaii, Idaho, Illinois, Kansas, and Pennsylvania report the number of enrollees in their MLTSS programs, some of whom may not be using MLTSS. The totals in this column do not include those six states because it is a count of users, not enrollees."
Kentucky,2018,0,0,
Louisiana,2018,0,0,
Maine,2018,0,0,
Maryland,2018,0,0,
Massachusetts,2018,61367,0,
Michigan6,2018,0,19055," 7,760 of Michigan's MLTSS users are receiving capitated HCBS under the state's Specialty Prepaid Inpatient Health Plan, a BHO. The remainder are receiving MLTSS under MI Choice, an MLTSS Only program."
Minnesota7,2018,33382,0," Minnesota's MLTSS user count includes 3,867 dually eligible Medicare-Medicaid beneficiaries who received skilled nursing visits in the home, some of which may be paid for by Medicare rather than Medicaid."
Mississippi,2018,0,0,
Missouri,2018,0,0,
Montana,2018,0,0,
Nebraska,2018,0,0,
Nevada,2018,0,0,
New Hampshire,2018,0,0,
New Jersey8,2018,44715,0, LTSS users in New Jersey are enrolled in either the FamilyCare program or the FIDE SNP program. Total LTSS users include enrollees from both of these program who use LTSS services.
New Mexico,2018,28957,0,
New York9,2018,11144,211268, New York provides LTSS services through a comprehensive MCO+MLTSS program and a separate MLTSS-only program.
North Carolina,2018,0,0,
North Dakota,2018,0,0,
Northern Mariana Islands,2018,,,
Ohio10,2018,20050,0," Since 2014, Ohio has operated an MLTSS program for dually eligible beneficiaries who chose not to participate in (i.e., opt out of) the MyCare Financial Alignment Demonstration. Ohio began reporting the MyCare Opt-Out as an MLTSS program in 2016."
Oklahoma,2018,0,0,
Oregon,2018,0,0,
Pennsylvania4,2018,22523,0,"Florida, Hawaii, Idaho, Illinois, Kansas, and Pennsylvania report the number of enrollees in their MLTSS programs, some of whom may not be using MLTSS. The totals in this column do not include those six states because it is a count of users, not enrollees."
Puerto Rico,2018,0,0,
Rhode Island,2018,0,0,
South Carolina,2018,0,0,
South Dakota,2018,0,0,
Tennessee,2018,24289,0,
Texas,2018,115186,0,
Utah,2018,0,0,
Vermont,2018,1311,0,
Virgin Islands,2018,,,
Virginia,2018,212460,0,
Washington,2018,0,0,
West Virginia,2018,0,0,
Wisconsin,2018,3395,48568,
Wyoming,2018,0,0,
Alabama,2019,,,
Alaska,2019,,,
American Samoa,2019,,,
Arizona,2019,63549,,
Arkansas,2019,44830,,
California,2019,362877,,
Colorado,2019,,,
Connecticut,2019,,,
Delaware,2019,14916,,
District of Columbia,2019,,,
Florida4,2019,,111856,"Florida, Idaho, Illinois, and Kansas report the number of enrollees in their MLTSS programs, some of whom may not be using MLTSS. The totals in this column do not include those six states because it is a count of users, not enrollees."
Georgia,2019,,,
Guam,2019,,,
Hawaii,2019,7728,,
Idaho4,2019,12230,,"Florida, Idaho, Illinois, and Kansas report the number of enrollees in their MLTSS programs, some of whom may not be using MLTSS. The totals in this column do not include those six states because it is a count of users, not enrollees."
Illinois4,2019,32980,52450,"Florida, Idaho, Illinois, and Kansas report the number of enrollees in their MLTSS programs, some of whom may not be using MLTSS. The totals in this column do not include those six states because it is a count of users, not enrollees."
Indiana,2019,,,
Iowa,2019,46644,,
Kansas4,2019,29017,,"Florida, Idaho, Illinois, and Kansas report the number of enrollees in their MLTSS programs, some of whom may not be using MLTSS. The totals in this column do not include those six states because it is a count of users, not enrollees."
Kentucky,2019,,,
Louisiana,2019,,,
Maine,2019,,,
Maryland,2019,,,
Massachusetts,2019,67047,,
Michigan,2019,7620,11425,
Minnesota,2019,34701,,
Mississippi,2019,,,
Missouri,2019,,,
Montana,2019,,,
Nebraska,2019,,,
Nevada,2019,,,
New Hampshire,2019,,,
New Jersey,2019,50230,,
New Mexico,2019,28443,,
New York,2019,16372,238684,
North Carolina,2019,,,
North Dakota,2019,,,
Northern Mariana Islands,2019,,,
Ohio,2019,23636,,
Oklahoma,2019,,,
Oregon,2019,,,
Pennsylvania,2019,87792,,
Puerto Rico,2019,,,
Rhode Island,2019,,,
South Carolina,2019,,,
South Dakota,2019,,,
Tennessee,2019,27470,,
Texas,2019,157085,,
Utah,2019,,,
Vermont,2019,1242,,
Virgin Islands,2019,,,
Virginia,2019,244862,,
Washington,2019,,,
West Virginia,2019,,,
Wisconsin,2019,3655,49779,
Wyoming,2019,,,
Alabama,2020,,,
Alaska,2020,,,
American Samoa,2020,,,
Arizona,2020,64421,,
Arkansas,2020,43180,,
California,2020,338897,,
Colorado,2020,,,
Connecticut,2020,,,
Delaware,2020,15229,,
District of Columbia,2020,,,
Florida4,2020,91920,119623,"Florida, Idaho, Illinois, and Kansas report the number of enrollees in their MLTSS programs, some of whom may not be using MLTSS. The totals in this column do not include those four states because it is a count of users, not enrollees."
Georgia5,2020,,,"Georgia's Total Medicaid Enrollment in Any Type of Managed Care does not include 1,766,478 NEMT enrollees; a portion of these enrollees are simultaneously enrolled in other managed care programs."
Guam,2020,,,
Hawaii,2020,8417,,
Idaho4,2020,22442,,"Florida, Idaho, Illinois, and Kansas report the number of enrollees in their MLTSS programs, some of whom may not be using MLTSS. The totals in this column do not include those four states because it is a count of users, not enrollees."
Illinois4,2020,37869,56910,"Florida, Idaho, Illinois, and Kansas report the number of enrollees in their MLTSS programs, some of whom may not be using MLTSS. The totals in this column do not include those four states because it is a count of users, not enrollees."
Indiana,2020,,,
Iowa,2020,46819,,
Kansas4,2020,30569,,"Florida, Idaho, Illinois, and Kansas report the number of enrollees in their MLTSS programs, some of whom may not be using MLTSS. The totals in this column do not include those four states because it is a count of users, not enrollees."
Kentucky,2020,,,
Louisiana,2020,,,
Maine,2020,,,
Maryland,2020,,,
Massachusetts,2020,64935,,
Michigan6,2020,,19498,"7,619 of Michigan's MLTSS users are receiving capitated HCBS under the state's Specialty Prepaid Inpatient Health Plan, a BHO. The remainder are receiving MLTSS under MI Choice, an MLTSS Only program."
Minnesota,2020,52894,,
Mississippi,2020,,,
Missouri,2020,,,
Montana,2020,,,
Nebraska,2020,,,
Nevada,2020,,,
New Hampshire,2020,,,
New Jersey,2020,50717,,
New Mexico,2020,30313,,
New York,2020,21363,248964,
North Carolina,2020,,,
North Dakota,2020,,,
Northern Mariana Islands,2020,,,
Ohio,2020,24508,,
Oklahoma,2020,,,
Oregon,2020,,,
Pennsylvania,2020,183605,,
Puerto Rico,2020,,,
Rhode Island,2020,1972,,
South Carolina,2020,,,
South Dakota,2020,,,
Tennessee,2020,26504,,
Texas,2020,159555,,
Utah,2020,,,
Vermont,2020,1241,,
Virgin Islands,2020,,,
Virginia,2020,257623,,
Washington,2020,,,
West Virginia,2020,,,
Wisconsin,2020,4252,51075,
Wyoming,2020,,,
Alabama,2021,,,
Alaska,2021,,,
American Samoa,2021,,,
Arizona,2021,557,62938,
Arkansas,2021,653199,,
California,2021,344970,,
Colorado,2021,,,
Connecticut,2021,,,
Delaware,2021,15774,,
District of Columbia,2021,,,
Florida4,2021,,121321,"Florida, Idaho, Illinois, Kansas, and Pennsylvania report the number of enrollees in their MLTSS programs, some of whom may not be using MLTSS. The totals in this column do not include those five states because it is a count of users, not enrollees."
Georgia,2021,,,
Guam,2021,,,
Hawaii,2021,8408,,
Idaho4,2021,23603,,"Florida, Idaho, Illinois, Kansas, and Pennsylvania report the number of enrollees in their MLTSS programs, some of whom may not be using MLTSS. The totals in this column do not include those five states because it is a count of users, not enrollees."
"Illinois4,5",2021,41131,64799,"Florida, Idaho, Illinois, Kansas, and Pennsylvania report the number of enrollees in their MLTSS programs, some of whom may not be using MLTSS. The totals in this column do not include those five states because it is a count of users, not enrollees. In Illinois, the total number of  MLTSS enrollees increased substantially in 2021 due to the statewide expansion of the Medicare-Medicaid Alignment Initiative (MMAI) Program with initial enrollment effective dates of July 1, 2021. MLTSS members disenrolling from the MMAI program enrolled in the MLTSS program, with initial enrollment effective dates of July 1, 2021."
Indiana,2021,,,
Iowa,2021,38649,,
Kansas4,2021,30015,,"Florida, Idaho, Illinois, Kansas, and Pennsylvania report the number of enrollees in their MLTSS programs, some of whom may not be using MLTSS. The totals in this column do not include those five states because it is a count of users, not enrollees."
Kentucky,2021,,,
Louisiana,2021,,,
Maine,2021,,,
Maryland,2021,,,
Massachusetts,2021,69129,,
Michigan,2021,,19895,
Minnesota,2021,52375,,
Mississippi,2021,,,
Missouri,2021,,,
Montana,2021,,,
Nebraska,2021,,,
Nevada,2021,,,
New Hampshire,2021,,,
New Jersey,2021,57525,,
New Mexico,2021,33267,,
New York,2021,28966,243332,
North Carolina,2021,,,
North Dakota,2021,,,
Northern Mariana Islands,2021,,,
Ohio6,2021,24200,,"Ohio provides MLTSS through three managed care programs (i.e., MyCare Ohio Opt-Out, MyCare Ohio Opt-In, and PACE). The MLTSS number above (24,200) is the total number of MyCare Ohio Opt-Out beneficiaries using MLTSS on July 1, 2021. Per CMS direction PACE and the MyCare Ohio Opt-In program (a Financial Alignment Initiative demonstration) are excluded from the MLTSS counts in this table."
Oklahoma,2021,,,
Oregon,2021,,,
Pennsylvania4,2021,387429,,"Florida, Idaho, Illinois, Kansas, and Pennsylvania report the number of enrollees in their MLTSS programs, some of whom may not be using MLTSS. The totals in this column do not include those five states because it is a count of users, not enrollees."
Puerto Rico,2021,,,
Rhode Island,2021,2436,,
South Carolina,2021,,,
South Dakota,2021,,,
Tennessee,2021,24699,,
Texas,2021,123820,,
Utah,2021,,,
Vermont,2021,1195,,
Virgin Islands,2021,,,
Virginia,2021,74707,,
Washington,2021,,,
West Virginia,2021,,,
Wisconsin,2021,3760,51310,
Wyoming,2021,,,
Alabama,2022,,,--
Alaska,2022,,,--
American Samoa,2022,,,--
Arizona,2022,505,64311,--
Arkansas,2022,34321,,--
California,2022,327126,,--
Colorado,2022,,,--
Connecticut,2022,,,--
Delaware,2022,14284,,--
District of Columbia,2022,,,--
Florida,2022,124107,,--
Georgia,2022,,,--
Guam,2022,,,--
Hawaii,2022,13750,,--
Idaho,2022,9844,,--
Illinois,2022,56043,,--
Indiana,2022,,,--
Iowa,2022,37359,,--
Kansas,2022,30371,,--
Kentucky,2022,,,--
Louisiana,2022,,,--
Maine,2022,,,--
Maryland,2022,,,--
Massachusetts,2022,69129,,--
Michigan,2022,,,--
Minnesota,2022,51234,,--
Mississippi,2022,,,--
Missouri,2022,,,--
Montana,2022,,,--
Nebraska,2022,,,--
Nevada,2022,,,--
New Hampshire,2022,,,--
New Jersey,2022,64055,,--
New Mexico,2022,31529,,--
New York,2022,40989,248579,--
North Carolina,2022,0,,--
North Dakota,2022,,,--
Northern Mariana Islands,2022,,,--
Ohio,2022,147708,,--
Oklahoma,2022,,,--
Oregon,2022,0,,--
Pennsylvania,2022,109953,,--
Puerto Rico,2022,,,--
Rhode Island,2022,,,--
South Carolina,2022,,,--
South Dakota,2022,,,--
Tennessee,2022,24738,,--
Texas,2022,149913,,--
Utah,2022,,,--
Vermont,2022,680,,--
Virgin Islands,2022,,,--
Virginia,2022,79962,,--
Washington,2022,,,--
West Virginia,2022,,,--
Wisconsin,2022,3710,52662,--
Wyoming,2022,,,--
Alabama,2023,,,--
Alaska,2023,,,--
American Samoa,2023,,,--
Arizona,2023,739,66304,--
Arkansas,2023,37244,,--
California,2023,301279,,--
Colorado,2023,,,--
Connecticut,2023,,,--
Delaware,2023,17186,,--
District of Columbia,2023,1936,,--
Florida,2023,131721,,--
Georgia,2023,0,,--
Guam,2023,,,--
Hawaii,2023,5217,,--
Idaho,2023,7318,,--
Illinois,2023,102169,,--
Indiana,2023,0,,--
Iowa,2023,37399,,--
Kansas,2023,30954,,--
Kentucky,2023,0,,--
Louisiana,2023,0,,--
Maine,2023,,,--
Maryland,2023,0,,--
Massachusetts,2023,74063,,--
Michigan,2023,6592,12233,--
Minnesota,2023,44936,,--
Mississippi,2023,0,,--
Missouri,2023,0,,--
Montana,2023,,,--
Nebraska,2023,0,,--
Nevada,2023,0,,--
New Hampshire,2023,0,,--
New Jersey,2023,64306,,--
New Mexico,2023,31470,,--
New York,2023,41252,266772,--
North Carolina,2023,0,,--
North Dakota,2023,0,,--
Northern Mariana Islands,2023,,,--
Ohio,2023,59434,,--
Oklahoma,2023,,,--
Oregon,2023,0,,--
Pennsylvania,2023,120639,,--
Puerto Rico,2023,0,,--
Rhode Island,2023,13152,,--
South Carolina,2023,0,,--
South Dakota,2023,,,--
Tennessee,2023,23195,,--
Texas,2023,157921,,--
Utah,2023,0,,--
Vermont,2023,0,,--
Virgin Islands,2023,,,--
Virginia,2023,81345,,--
Washington,2023,0,,--
West Virginia,2023,0,,--
Wisconsin,2023,3722,53722,--
Wyoming,2023,,,--
Alabama,2024,,,--
Alaska,2024,,,--
American Samoa,2024,,,--
Arizona,2024,727,68974,--
Arkansas,2024,35153,,--
California,2024,312162,,--
Colorado,2024,,,--
Connecticut,2024,,,--
Delaware,2024,17272,,--
District of Columbia,2024,2935,,--
Florida,2024,139572,,--
Georgia,2024,0,,--
Guam,2024,,,--
Hawaii,2024,4190,,--
Idaho,2024,7150,,--
Illinois,2024,55304,,--
Indiana,2024,49463,,--
Iowa,2024,37789,,--
Kansas,2024,31588,,--
Kentucky,2024,0,,--
Louisiana,2024,0,,--
Maine,2024,,,--
Maryland,2024,0,,--
Massachusetts,2024,77340,,--
Michigan,2024,6724,12321,--
Minnesota,2024,44482,,--
Mississippi,2024,0,,--
Missouri,2024,0,,--
Montana,2024,,,--
Nebraska,2024,0,,--
Nevada,2024,0,,--
New Hampshire,2024,0,,--
New Jersey,2024,62534,,--
New Mexico,2024,29983,,--
New York,2024,51231,295661,--
North Carolina,2024,0,,--
North Dakota,2024,0,,--
Northern Mariana Islands,2024,,,--
Ohio,2024,53331,,--
Oklahoma,2024,0,,--
Oregon,2024,0,,--
Pennsylvania,2024,131370,,--
Puerto Rico,2024,0,,--
Rhode Island,2024,11771,,--
South Carolina,2024,0,,--
South Dakota,2024,,,--
Tennessee,2024,26298,,--
Texas,2024,152030,,--
Utah,2024,0,,--
Vermont,2024,0,,--
Virgin Islands,2024,,,--
Virginia,2024,82357,,--
Washington,2024,0,,--
West Virginia,2024,0,,--
Wisconsin,2024,3471,52938,--
Wyoming,2024,,,--
