state,month,event,source_url,relationship,source_published_date,effective_date,state_implementation_date,affected_population
DE,202305,CMS lists a one month procedural disenrollment delay for all beneficiaries with renewals due may 2023 through the end of unwinding.,https://www.medicaid.gov/resources-for-states/coronavirus-disease-2019-covid-19/unwinding-and-returning-regular-operations-after-covid-19/state-option-to-delay-procedural-disenrollments,Documented renewal strategy; does not establish effect on reported outcomes,2024-05-22,,,See the documented event and linked CMS table for the cohort
DC,202306,CMS lists a one month procedural disenrollment delay for non-magi with renewals due june 2023 through february 2024.,https://www.medicaid.gov/resources-for-states/coronavirus-disease-2019-covid-19/unwinding-and-returning-regular-operations-after-covid-19/state-option-to-delay-procedural-disenrollments,Documented renewal strategy; does not establish effect on reported outcomes,2024-05-22,,,See the documented event and linked CMS table for the cohort
IL,202306,CMS lists a one month procedural disenrollment delay for all beneficiaries with renewals due june 2023 through the end of unwinding.,https://www.medicaid.gov/resources-for-states/coronavirus-disease-2019-covid-19/unwinding-and-returning-regular-operations-after-covid-19/state-option-to-delay-procedural-disenrollments,Documented renewal strategy; does not establish effect on reported outcomes,2024-05-22,,,See the documented event and linked CMS table for the cohort
MI,202306,CMS lists a one month procedural disenrollment delay for all beneficiaries with renewals due june 2023 through the end of unwinding.,https://www.medicaid.gov/resources-for-states/coronavirus-disease-2019-covid-19/unwinding-and-returning-regular-operations-after-covid-19/state-option-to-delay-procedural-disenrollments,Documented renewal strategy; does not establish effect on reported outcomes,2024-05-22,,,See the documented event and linked CMS table for the cohort
SC,202306,CMS lists a two months procedural disenrollment delay for all beneficiaries with renewals due june 2023 through the end of unwinding.,https://www.medicaid.gov/resources-for-states/coronavirus-disease-2019-covid-19/unwinding-and-returning-regular-operations-after-covid-19/state-option-to-delay-procedural-disenrollments,Documented renewal strategy; does not establish effect on reported outcomes,2024-05-22,,,See the documented event and linked CMS table for the cohort
MN,202307,CMS lists a one month procedural disenrollment delay for all beneficiaries with renewals due june and july 2023.,https://www.medicaid.gov/resources-for-states/coronavirus-disease-2019-covid-19/unwinding-and-returning-regular-operations-after-covid-19/state-option-to-delay-procedural-disenrollments,Documented renewal strategy; does not establish effect on reported outcomes,2024-05-22,,,See the documented event and linked CMS table for the cohort
OK,202307,CMS lists a one month procedural disenrollment delay for magi with renewals due june and july 2023.,https://www.medicaid.gov/resources-for-states/coronavirus-disease-2019-covid-19/unwinding-and-returning-regular-operations-after-covid-19/state-option-to-delay-procedural-disenrollments,Documented renewal strategy; does not establish effect on reported outcomes,2024-05-22,,,See the documented event and linked CMS table for the cohort
ME,202308,CMS lists a one month procedural disenrollment delay for all beneficiaries with renewals due august 2023 through the end of unwinding.,https://www.medicaid.gov/resources-for-states/coronavirus-disease-2019-covid-19/unwinding-and-returning-regular-operations-after-covid-19/state-option-to-delay-procedural-disenrollments,Documented renewal strategy; does not establish effect on reported outcomes,2024-05-22,,,See the documented event and linked CMS table for the cohort
NJ,202308,"CMS lists a one month procedural disenrollment delay for all beneficiaries with renewals due june, july, and august 2023.",https://www.medicaid.gov/resources-for-states/coronavirus-disease-2019-covid-19/unwinding-and-returning-regular-operations-after-covid-19/state-option-to-delay-procedural-disenrollments,Documented renewal strategy; does not establish effect on reported outcomes,2024-05-22,,,See the documented event and linked CMS table for the cohort
CO,202309,CMS lists a two months procedural disenrollment delay for non-magi with renewals due september 2023 through the end of unwinding.,https://www.medicaid.gov/resources-for-states/coronavirus-disease-2019-covid-19/unwinding-and-returning-regular-operations-after-covid-19/state-option-to-delay-procedural-disenrollments,Documented renewal strategy; does not establish effect on reported outcomes,2024-05-22,,,See the documented event and linked CMS table for the cohort
KS,202309,CMS lists a one month procedural disenrollment delay for all beneficiaries with renewals due september 2023 through the end of unwinding.,https://www.medicaid.gov/resources-for-states/coronavirus-disease-2019-covid-19/unwinding-and-returning-regular-operations-after-covid-19/state-option-to-delay-procedural-disenrollments,Documented renewal strategy; does not establish effect on reported outcomes,2024-05-22,,,See the documented event and linked CMS table for the cohort
KY,202309,CMS lists a one month procedural disenrollment delay for all beneficiaries with renewals due september 2023 through the end of unwinding.,https://www.medicaid.gov/resources-for-states/coronavirus-disease-2019-covid-19/unwinding-and-returning-regular-operations-after-covid-19/state-option-to-delay-procedural-disenrollments,Documented renewal strategy; does not establish effect on reported outcomes,2024-05-22,,,See the documented event and linked CMS table for the cohort
NM,202309,CMS lists a one month procedural disenrollment delay for all beneficiaries with renewals due september 2023 through the end of unwinding.,https://www.medicaid.gov/resources-for-states/coronavirus-disease-2019-covid-19/unwinding-and-returning-regular-operations-after-covid-19/state-option-to-delay-procedural-disenrollments,Documented renewal strategy; does not establish effect on reported outcomes,2024-05-22,,,See the documented event and linked CMS table for the cohort
NH,202310,CMS lists a two months procedural disenrollment delay for non-magi with renewals due october 2023 through the end of unwinding.,https://www.medicaid.gov/resources-for-states/coronavirus-disease-2019-covid-19/unwinding-and-returning-regular-operations-after-covid-19/state-option-to-delay-procedural-disenrollments,Documented renewal strategy; does not establish effect on reported outcomes,2024-05-22,,,See the documented event and linked CMS table for the cohort
TX,202310,CMS lists a one month procedural disenrollment delay for all beneficiaries with renewals due october 2023.,https://www.medicaid.gov/resources-for-states/coronavirus-disease-2019-covid-19/unwinding-and-returning-regular-operations-after-covid-19/state-option-to-delay-procedural-disenrollments,Documented renewal strategy; does not establish effect on reported outcomes,2024-05-22,,,See the documented event and linked CMS table for the cohort
CA,202507,DHCS reports that automatic renewal rates fell to pre-unwinding levels in July 2025 after temporary unwinding flexibilities ended.,https://sbud.senate.ca.gov/media/3460,Documented operational context; contribution to disenrollment change is unquantified,2026-01-29,,,California Medi-Cal renewal cohorts; group-specific effects unreported
CA,202601,"California reinstated an asset limit for certain older adults, people with disabilities, and long-term-care members beginning January 1, 2026.",https://www.dhcs.ca.gov/medi-cal/updates/medi-cal-changes/,Eligibility change for a subset; no demonstrated effect on statewide procedural outcomes,,2026-01-01,2026-01-01,"Certain older adults, people with disabilities, long-term-care members"
