state,state_name,total_waivers,auto_renewal_waivers,form_support_waivers,contact_waivers,reinstatement_waivers,other_waivers,as_of,source_url
AL,Alabama,6.0,5.0,1.0,0.0,0.0,0.0,2024-12-11,https://www.medicaid.gov/resources-for-states/coronavirus-disease-2019-covid-19/unwinding-and-returning-regular-operations-after-covid-19/covid-19-phe-unwinding-section-1902e14a-waiver-approvals
AK,Alaska,10.0,6.0,2.0,1.0,1.0,0.0,2024-12-11,https://www.medicaid.gov/resources-for-states/coronavirus-disease-2019-covid-19/unwinding-and-returning-regular-operations-after-covid-19/covid-19-phe-unwinding-section-1902e14a-waiver-approvals
AZ,Arizona,9.0,5.0,1.0,2.0,0.0,1.0,2024-12-11,https://www.medicaid.gov/resources-for-states/coronavirus-disease-2019-covid-19/unwinding-and-returning-regular-operations-after-covid-19/covid-19-phe-unwinding-section-1902e14a-waiver-approvals
AR,Arkansas,6.0,2.0,1.0,3.0,0.0,0.0,2024-12-11,https://www.medicaid.gov/resources-for-states/coronavirus-disease-2019-covid-19/unwinding-and-returning-regular-operations-after-covid-19/covid-19-phe-unwinding-section-1902e14a-waiver-approvals
CA,California,14.0,8.0,0.0,3.0,1.0,2.0,2024-12-11,https://www.medicaid.gov/resources-for-states/coronavirus-disease-2019-covid-19/unwinding-and-returning-regular-operations-after-covid-19/covid-19-phe-unwinding-section-1902e14a-waiver-approvals
CO,Colorado,8.0,4.0,1.0,1.0,1.0,1.0,2024-12-11,https://www.medicaid.gov/resources-for-states/coronavirus-disease-2019-covid-19/unwinding-and-returning-regular-operations-after-covid-19/covid-19-phe-unwinding-section-1902e14a-waiver-approvals
CT,Connecticut,5.0,2.0,1.0,1.0,0.0,1.0,2024-12-11,https://www.medicaid.gov/resources-for-states/coronavirus-disease-2019-covid-19/unwinding-and-returning-regular-operations-after-covid-19/covid-19-phe-unwinding-section-1902e14a-waiver-approvals
DE,Delaware,8.0,4.0,0.0,1.0,2.0,1.0,2024-12-11,https://www.medicaid.gov/resources-for-states/coronavirus-disease-2019-covid-19/unwinding-and-returning-regular-operations-after-covid-19/covid-19-phe-unwinding-section-1902e14a-waiver-approvals
DC,District of Columbia,12.0,4.0,1.0,4.0,2.0,1.0,2024-12-11,https://www.medicaid.gov/resources-for-states/coronavirus-disease-2019-covid-19/unwinding-and-returning-regular-operations-after-covid-19/covid-19-phe-unwinding-section-1902e14a-waiver-approvals
FL,Florida,0.0,0.0,0.0,0.0,0.0,0.0,2024-12-11,https://www.medicaid.gov/resources-for-states/coronavirus-disease-2019-covid-19/unwinding-and-returning-regular-operations-after-covid-19/covid-19-phe-unwinding-section-1902e14a-waiver-approvals
GA,Georgia,7.0,4.0,0.0,2.0,0.0,1.0,2024-12-11,https://www.medicaid.gov/resources-for-states/coronavirus-disease-2019-covid-19/unwinding-and-returning-regular-operations-after-covid-19/covid-19-phe-unwinding-section-1902e14a-waiver-approvals
HI,Hawaii,13.0,8.0,1.0,2.0,1.0,1.0,2024-12-11,https://www.medicaid.gov/resources-for-states/coronavirus-disease-2019-covid-19/unwinding-and-returning-regular-operations-after-covid-19/covid-19-phe-unwinding-section-1902e14a-waiver-approvals
ID,Idaho,3.0,2.0,0.0,1.0,0.0,0.0,2024-12-11,https://www.medicaid.gov/resources-for-states/coronavirus-disease-2019-covid-19/unwinding-and-returning-regular-operations-after-covid-19/covid-19-phe-unwinding-section-1902e14a-waiver-approvals
IL,Illinois,5.0,2.0,0.0,2.0,0.0,1.0,2024-12-11,https://www.medicaid.gov/resources-for-states/coronavirus-disease-2019-covid-19/unwinding-and-returning-regular-operations-after-covid-19/covid-19-phe-unwinding-section-1902e14a-waiver-approvals
IN,Indiana,15.0,8.0,1.0,3.0,2.0,1.0,2024-12-11,https://www.medicaid.gov/resources-for-states/coronavirus-disease-2019-covid-19/unwinding-and-returning-regular-operations-after-covid-19/covid-19-phe-unwinding-section-1902e14a-waiver-approvals
IA,Iowa,2.0,0.0,0.0,2.0,0.0,0.0,2024-12-11,https://www.medicaid.gov/resources-for-states/coronavirus-disease-2019-covid-19/unwinding-and-returning-regular-operations-after-covid-19/covid-19-phe-unwinding-section-1902e14a-waiver-approvals
KS,Kansas,8.0,3.0,2.0,2.0,1.0,0.0,2024-12-11,https://www.medicaid.gov/resources-for-states/coronavirus-disease-2019-covid-19/unwinding-and-returning-regular-operations-after-covid-19/covid-19-phe-unwinding-section-1902e14a-waiver-approvals
KY,Kentucky,14.0,8.0,2.0,1.0,2.0,1.0,2024-12-11,https://www.medicaid.gov/resources-for-states/coronavirus-disease-2019-covid-19/unwinding-and-returning-regular-operations-after-covid-19/covid-19-phe-unwinding-section-1902e14a-waiver-approvals
LA,Louisiana,9.0,4.0,0.0,4.0,0.0,1.0,2024-12-11,https://www.medicaid.gov/resources-for-states/coronavirus-disease-2019-covid-19/unwinding-and-returning-regular-operations-after-covid-19/covid-19-phe-unwinding-section-1902e14a-waiver-approvals
ME,Maine,10.0,6.0,0.0,2.0,1.0,1.0,2024-12-11,https://www.medicaid.gov/resources-for-states/coronavirus-disease-2019-covid-19/unwinding-and-returning-regular-operations-after-covid-19/covid-19-phe-unwinding-section-1902e14a-waiver-approvals
MD,Maryland,11.0,7.0,3.0,0.0,0.0,1.0,2024-12-11,https://www.medicaid.gov/resources-for-states/coronavirus-disease-2019-covid-19/unwinding-and-returning-regular-operations-after-covid-19/covid-19-phe-unwinding-section-1902e14a-waiver-approvals
MA,Massachusetts,9.0,2.0,2.0,4.0,1.0,0.0,2024-12-11,https://www.medicaid.gov/resources-for-states/coronavirus-disease-2019-covid-19/unwinding-and-returning-regular-operations-after-covid-19/covid-19-phe-unwinding-section-1902e14a-waiver-approvals
MI,Michigan,12.0,6.0,1.0,2.0,2.0,1.0,2024-12-11,https://www.medicaid.gov/resources-for-states/coronavirus-disease-2019-covid-19/unwinding-and-returning-regular-operations-after-covid-19/covid-19-phe-unwinding-section-1902e14a-waiver-approvals
MN,Minnesota,14.0,9.0,1.0,2.0,0.0,2.0,2024-12-11,https://www.medicaid.gov/resources-for-states/coronavirus-disease-2019-covid-19/unwinding-and-returning-regular-operations-after-covid-19/covid-19-phe-unwinding-section-1902e14a-waiver-approvals
MS,Mississippi,6.0,3.0,1.0,2.0,0.0,0.0,2024-12-11,https://www.medicaid.gov/resources-for-states/coronavirus-disease-2019-covid-19/unwinding-and-returning-regular-operations-after-covid-19/covid-19-phe-unwinding-section-1902e14a-waiver-approvals
MO,Missouri,8.0,4.0,0.0,2.0,1.0,1.0,2024-12-11,https://www.medicaid.gov/resources-for-states/coronavirus-disease-2019-covid-19/unwinding-and-returning-regular-operations-after-covid-19/covid-19-phe-unwinding-section-1902e14a-waiver-approvals
MT,Montana,3.0,3.0,0.0,0.0,0.0,0.0,2024-12-11,https://www.medicaid.gov/resources-for-states/coronavirus-disease-2019-covid-19/unwinding-and-returning-regular-operations-after-covid-19/covid-19-phe-unwinding-section-1902e14a-waiver-approvals
NE,Nebraska,3.0,2.0,0.0,1.0,0.0,0.0,2024-12-11,https://www.medicaid.gov/resources-for-states/coronavirus-disease-2019-covid-19/unwinding-and-returning-regular-operations-after-covid-19/covid-19-phe-unwinding-section-1902e14a-waiver-approvals
NV,Nevada,13.0,7.0,3.0,2.0,0.0,1.0,2024-12-11,https://www.medicaid.gov/resources-for-states/coronavirus-disease-2019-covid-19/unwinding-and-returning-regular-operations-after-covid-19/covid-19-phe-unwinding-section-1902e14a-waiver-approvals
NH,New Hampshire,4.0,3.0,0.0,0.0,1.0,0.0,2024-12-11,https://www.medicaid.gov/resources-for-states/coronavirus-disease-2019-covid-19/unwinding-and-returning-regular-operations-after-covid-19/covid-19-phe-unwinding-section-1902e14a-waiver-approvals
NJ,New Jersey,9.0,5.0,0.0,2.0,0.0,2.0,2024-12-11,https://www.medicaid.gov/resources-for-states/coronavirus-disease-2019-covid-19/unwinding-and-returning-regular-operations-after-covid-19/covid-19-phe-unwinding-section-1902e14a-waiver-approvals
NM,New Mexico,14.0,6.0,3.0,2.0,2.0,1.0,2024-12-11,https://www.medicaid.gov/resources-for-states/coronavirus-disease-2019-covid-19/unwinding-and-returning-regular-operations-after-covid-19/covid-19-phe-unwinding-section-1902e14a-waiver-approvals
NY,New York,10.0,7.0,0.0,2.0,0.0,1.0,2024-12-11,https://www.medicaid.gov/resources-for-states/coronavirus-disease-2019-covid-19/unwinding-and-returning-regular-operations-after-covid-19/covid-19-phe-unwinding-section-1902e14a-waiver-approvals
NC,North Carolina,11.0,7.0,0.0,1.0,2.0,1.0,2024-12-11,https://www.medicaid.gov/resources-for-states/coronavirus-disease-2019-covid-19/unwinding-and-returning-regular-operations-after-covid-19/covid-19-phe-unwinding-section-1902e14a-waiver-approvals
ND,North Dakota,10.0,5.0,1.0,3.0,0.0,1.0,2024-12-11,https://www.medicaid.gov/resources-for-states/coronavirus-disease-2019-covid-19/unwinding-and-returning-regular-operations-after-covid-19/covid-19-phe-unwinding-section-1902e14a-waiver-approvals
OH,Ohio,7.0,3.0,1.0,2.0,0.0,1.0,2024-12-11,https://www.medicaid.gov/resources-for-states/coronavirus-disease-2019-covid-19/unwinding-and-returning-regular-operations-after-covid-19/covid-19-phe-unwinding-section-1902e14a-waiver-approvals
OK,Oklahoma,3.0,1.0,0.0,1.0,0.0,1.0,2024-12-11,https://www.medicaid.gov/resources-for-states/coronavirus-disease-2019-covid-19/unwinding-and-returning-regular-operations-after-covid-19/covid-19-phe-unwinding-section-1902e14a-waiver-approvals
OR,Oregon,5.0,2.0,0.0,3.0,0.0,0.0,2024-12-11,https://www.medicaid.gov/resources-for-states/coronavirus-disease-2019-covid-19/unwinding-and-returning-regular-operations-after-covid-19/covid-19-phe-unwinding-section-1902e14a-waiver-approvals
PA,Pennsylvania,3.0,2.0,0.0,1.0,0.0,0.0,2024-12-11,https://www.medicaid.gov/resources-for-states/coronavirus-disease-2019-covid-19/unwinding-and-returning-regular-operations-after-covid-19/covid-19-phe-unwinding-section-1902e14a-waiver-approvals
RI,Rhode Island,4.0,1.0,1.0,1.0,0.0,1.0,2024-12-11,https://www.medicaid.gov/resources-for-states/coronavirus-disease-2019-covid-19/unwinding-and-returning-regular-operations-after-covid-19/covid-19-phe-unwinding-section-1902e14a-waiver-approvals
SC,South Carolina,13.0,6.0,3.0,2.0,2.0,0.0,2024-12-11,https://www.medicaid.gov/resources-for-states/coronavirus-disease-2019-covid-19/unwinding-and-returning-regular-operations-after-covid-19/covid-19-phe-unwinding-section-1902e14a-waiver-approvals
SD,South Dakota,1.0,1.0,0.0,0.0,0.0,0.0,2024-12-11,https://www.medicaid.gov/resources-for-states/coronavirus-disease-2019-covid-19/unwinding-and-returning-regular-operations-after-covid-19/covid-19-phe-unwinding-section-1902e14a-waiver-approvals
TN,Tennessee,15.0,9.0,2.0,2.0,1.0,1.0,2024-12-11,https://www.medicaid.gov/resources-for-states/coronavirus-disease-2019-covid-19/unwinding-and-returning-regular-operations-after-covid-19/covid-19-phe-unwinding-section-1902e14a-waiver-approvals
TX,Texas,4.0,1.0,1.0,2.0,0.0,0.0,2024-12-11,https://www.medicaid.gov/resources-for-states/coronavirus-disease-2019-covid-19/unwinding-and-returning-regular-operations-after-covid-19/covid-19-phe-unwinding-section-1902e14a-waiver-approvals
UT,Utah,8.0,3.0,2.0,2.0,0.0,1.0,2024-12-11,https://www.medicaid.gov/resources-for-states/coronavirus-disease-2019-covid-19/unwinding-and-returning-regular-operations-after-covid-19/covid-19-phe-unwinding-section-1902e14a-waiver-approvals
VT,Vermont,9.0,7.0,1.0,1.0,0.0,0.0,2024-12-11,https://www.medicaid.gov/resources-for-states/coronavirus-disease-2019-covid-19/unwinding-and-returning-regular-operations-after-covid-19/covid-19-phe-unwinding-section-1902e14a-waiver-approvals
VA,Virginia,10.0,2.0,2.0,4.0,1.0,1.0,2024-12-11,https://www.medicaid.gov/resources-for-states/coronavirus-disease-2019-covid-19/unwinding-and-returning-regular-operations-after-covid-19/covid-19-phe-unwinding-section-1902e14a-waiver-approvals
WA,Washington,5.0,2.0,1.0,2.0,0.0,0.0,2024-12-11,https://www.medicaid.gov/resources-for-states/coronavirus-disease-2019-covid-19/unwinding-and-returning-regular-operations-after-covid-19/covid-19-phe-unwinding-section-1902e14a-waiver-approvals
WV,West Virginia,4.0,1.0,2.0,0.0,0.0,1.0,2024-12-11,https://www.medicaid.gov/resources-for-states/coronavirus-disease-2019-covid-19/unwinding-and-returning-regular-operations-after-covid-19/covid-19-phe-unwinding-section-1902e14a-waiver-approvals
WI,Wisconsin,2.0,1.0,0.0,1.0,0.0,0.0,2024-12-11,https://www.medicaid.gov/resources-for-states/coronavirus-disease-2019-covid-19/unwinding-and-returning-regular-operations-after-covid-19/covid-19-phe-unwinding-section-1902e14a-waiver-approvals
WY,Wyoming,6.0,2.0,0.0,1.0,1.0,2.0,2024-12-11,https://www.medicaid.gov/resources-for-states/coronavirus-disease-2019-covid-19/unwinding-and-returning-regular-operations-after-covid-19/covid-19-phe-unwinding-section-1902e14a-waiver-approvals
